fight_year,fights,events,finish_rate,ko_rate,submission_rate,decision_rate,title_rate,duration_minutes,stats_coverage,active_fighters,women_bout_share,divisions,known_location_events,countries_or_territories,international_event_share,events_growth_pct,partial_year,fights_per_event
1994,31,3,1.0,0.3548387096774194,0.6451612903225806,0.0,0.0967741935483871,3.675268817204301,0.9354838709677419,37,0.0,2,3,1,0.0,,False,10.333333333333334
1995,40,4,0.875,0.375,0.5,0.075,0.175,6.12125,0.85,38,0.0,2,4,1,0.0,33.33333333333333,False,10.0
1996,43,5,0.8837209302325582,0.627906976744186,0.2558139534883721,0.11627906976744186,0.11627906976744186,5.689922480620155,0.8372093023255814,40,0.0,2,5,2,0.2,25.0,False,8.6
1997,41,5,0.7804878048780488,0.3170731707317073,0.4634146341463415,0.1951219512195122,0.2682926829268293,5.139430894308943,0.9512195121951219,52,0.0,4,5,2,0.2,0.0,False,8.2
1998,25,3,0.68,0.36,0.32,0.32,0.2,9.449333333333334,0.84,38,0.0,5,3,2,0.3333333333333333,-40.0,False,8.333333333333334
1999,44,6,0.75,0.5909090909090909,0.1590909090909091,0.20454545454545456,0.13636363636363635,8.972348484848485,1.0,58,0.0,6,6,2,0.16666666666666666,100.0,False,7.333333333333333
2000,43,6,0.5813953488372093,0.32558139534883723,0.2558139534883721,0.37209302325581395,0.13953488372093023,9.063178294573644,1.0,65,0.0,6,6,2,0.3333333333333333,0.0,False,7.166666666666667
2001,40,5,0.65,0.425,0.225,0.3,0.25,9.86875,1.0,48,0.0,5,5,1,0.0,-16.666666666666664,False,8.0
2002,53,7,0.6981132075471698,0.5471698113207547,0.1509433962264151,0.2830188679245283,0.16981132075471697,9.20943396226415,1.0,66,0.0,5,7,2,0.14285714285714285,39.99999999999999,False,7.571428571428571
2003,41,5,0.6341463414634146,0.43902439024390244,0.1951219512195122,0.2926829268292683,0.17073170731707318,9.354065040650406,1.0,57,0.0,5,5,1,0.0,-28.57142857142857,False,8.2
2004,39,5,0.7435897435897436,0.46153846153846156,0.28205128205128205,0.2564102564102564,0.1282051282051282,7.581623931623932,1.0,54,0.0,5,5,1,0.0,0.0,False,7.8
2005,80,10,0.75,0.4875,0.2625,0.2375,0.1625,7.790208333333334,1.0,102,0.0,4,10,1,0.0,100.0,False,8.0
2006,158,18,0.6708860759493671,0.37341772151898733,0.2974683544303797,0.3291139240506329,0.0949367088607595,8.633227848101265,1.0,174,0.0,6,18,1,0.0,80.0,False,8.777777777777779
2007,171,19,0.6257309941520468,0.30994152046783624,0.3157894736842105,0.3567251461988304,0.06432748538011696,9.101169590643275,1.0,193,0.0,5,19,2,0.15789473684210525,5.555555555555558,False,9.0
2008,201,20,0.681592039800995,0.42786069651741293,0.2537313432835821,0.31840796019900497,0.06965174129353234,8.674295190713101,1.0,219,0.0,6,20,3,0.2,5.263157894736836,False,10.05
2009,215,20,0.5627906976744186,0.3488372093023256,0.21395348837209302,0.4232558139534884,0.05116279069767442,9.907209302325581,1.0,250,0.0,6,20,5,0.25,0.0,False,10.75
2010,253,24,0.5059288537549407,0.2727272727272727,0.233201581027668,0.4782608695652174,0.04743083003952569,10.870289855072464,1.0,268,0.0,7,24,6,0.2916666666666667,19.999999999999996,False,10.541666666666666
2011,300,27,0.5,0.31666666666666665,0.18333333333333332,0.48333333333333334,0.05333333333333334,10.508000000000001,1.0,340,0.0,8,27,5,0.2222222222222222,12.5,False,11.11111111111111
2012,341,31,0.5131964809384164,0.30791788856304986,0.20527859237536658,0.4574780058651026,0.05571847507331378,10.301515151515153,1.0,383,0.0,9,31,8,0.3870967741935484,14.814814814814813,False,11.0
2013,386,33,0.5103626943005182,0.33678756476683935,0.17357512953367876,0.46113989637305697,0.05958549222797927,10.399352331606218,1.0,447,0.04145077720207254,9,33,7,0.45454545454545453,6.451612903225801,False,11.696969696969697
2014,503,46,0.49105367793240556,0.30218687872763417,0.18886679920477137,0.48906560636182905,0.05168986083499006,10.772365805168986,1.0,565,0.05964214711729622,11,46,14,0.4782608695652174,39.393939393939405,False,10.934782608695652
2015,473,41,0.5137420718816068,0.3276955602536998,0.18604651162790697,0.4630021141649049,0.05496828752642706,10.645172656800563,1.0,576,0.09302325581395349,11,41,13,0.4634146341463415,-10.869565217391308,False,11.536585365853659
2016,493,41,0.4908722109533469,0.3103448275862069,0.18052738336713997,0.48884381338742394,0.05070993914807302,11.1315753887762,1.0,554,0.10141987829614604,12,41,9,0.36585365853658536,0.0,False,12.024390243902438
2017,457,39,0.49452954048140046,0.31947483588621445,0.175054704595186,0.47921225382932164,0.045951859956236324,10.987199124726478,1.0,537,0.13785557986870897,13,39,13,0.4358974358974359,-4.878048780487809,False,11.717948717948717
2018,474,39,0.5084388185654009,0.31856540084388185,0.189873417721519,0.47890295358649787,0.04430379746835443,11.06754571026723,1.0,569,0.1540084388185654,12,39,11,0.41025641025641024,0.0,False,12.153846153846153
2019,516,42,0.45155038759689925,0.29651162790697677,0.15503875968992248,0.5271317829457365,0.03682170542635659,11.29751291989664,1.0,589,0.17829457364341086,13,42,15,0.47619047619047616,7.692307692307687,False,12.285714285714286
2020,456,41,0.48464912280701755,0.3048245614035088,0.17982456140350878,0.48464912280701755,0.039473684210526314,10.994152046783626,1.0,576,0.17763157894736842,13,41,4,0.2682926829268293,-2.3809523809523836,False,11.121951219512194
2021,509,43,0.4793713163064833,0.33595284872298625,0.14341846758349705,0.4931237721021611,0.03929273084479371,11.34695481335953,1.0,610,0.18860510805500982,13,43,2,0.09302325581395349,4.878048780487809,False,11.837209302325581
2022,511,42,0.5264187866927593,0.33463796477495106,0.1917808219178082,0.461839530332681,0.03522504892367906,10.861578604044357,1.0,608,0.17025440313111545,13,42,5,0.11904761904761904,-2.3255813953488413,False,12.166666666666666
2023,520,43,0.5019230769230769,0.3057692307692308,0.19615384615384615,0.4653846153846154,0.04807692307692308,10.844903846153846,1.0,624,0.17692307692307693,13,43,8,0.23255813953488372,2.3809523809523725,False,12.093023255813954
2024,517,42,0.4448742746615087,0.28433268858800775,0.16054158607350097,0.5435203094777563,0.04642166344294004,11.784171502256608,1.0,629,0.1702127659574468,12,42,10,0.2619047619047619,-2.3255813953488413,False,12.30952380952381
2025,520,42,0.5,0.325,0.175,0.48653846153846153,0.04423076923076923,10.814615384615385,1.0,620,0.15,13,42,12,0.3333333333333333,0.0,False,12.380952380952381
2026,326,26,0.5398773006134969,0.3558282208588957,0.18404907975460122,0.4447852760736196,0.03067484662576687,10.537474437627813,1.0,518,0.12576687116564417,12,26,9,0.34615384615384615,,True,12.538461538461538
