fight_year,bonus_type,fight_category_records
2006,Fight of the Night,15
2006,Knockout of the Night,10
2006,Submission of the Night,13
2007,Fight of the Night,20
2007,Knockout of the Night,17
2007,Submission of the Night,19
2008,Fight of the Night,20
2008,Knockout of the Night,20
2008,Submission of the Night,19
2009,Fight of the Night,24
2009,Knockout of the Night,20
2009,Submission of the Night,18
2010,Fight of the Night,25
2010,Knockout of the Night,24
2010,Submission of the Night,27
2011,Fight of the Night,28
2011,Knockout of the Night,28
2011,Submission of the Night,23
2012,Fight of the Night,30
2012,Knockout of the Night,33
2012,Submission of the Night,30
2013,Fight of the Night,34
2013,Knockout of the Night,36
2013,Submission of the Night,28
2014,Fight of the Night,42
2014,Knockout of the Night,4
2014,Performance of the Night,92
2014,Submission of the Night,3
2015,Fight of the Night,31
2015,Performance of the Night,101
2016,Fight of the Night,35
2016,Performance of the Night,94
2017,Fight of the Night,33
2017,Performance of the Night,90
2018,Fight of the Night,35
2018,Performance of the Night,87
2019,Fight of the Night,34
2019,Performance of the Night,100
2020,Fight of the Night,29
2020,Performance of the Night,110
2021,Fight of the Night,33
2021,Performance of the Night,116
2022,Fight of the Night,34
2022,Performance of the Night,131
2023,Fight of the Night,29
2023,Performance of the Night,131
2024,Fight of the Night,27
2024,Performance of the Night,119
2025,Fight of the Night,26
2025,Performance of the Night,111
2026,Fight of the Night,22
2026,Performance of the Night,60
