country,city,events
USA,Las Vegas,274
United Arab Emirates,Abu Dhabi,23
United Kingdom,London,17
Brazil,Rio de Janeiro,13
USA,Newark,12
USA,Anaheim,10
USA,Houston,10
USA,Atlantic City,10
Brazil,Sao Paulo,9
USA,New York City,9
Canada,Montreal,8
Australia,Sydney,8
Mexico,Mexico City,8
USA,Chicago,8
USA,Nashville,7
USA,Los Angeles,7
USA,Boston,7
Canada,Vancouver,7
Canada,Toronto,7
USA,Denver,7
USA,Dallas,6
Sweden,Stockholm,6
USA,New Orleans,6
USA,Jacksonville,6
USA,Sacramento,6
USA,Seattle,5
United Kingdom,Manchester,5
Japan,Saitama,5
USA,Miami,5
Singapore,Kallang,5
USA,Austin,5
USA,Charlotte,5
USA,Atlanta,5
China,Macau,5
Australia,Perth,5
France,Paris,4
USA,Hollywood,4
USA,Orlando,4
USA,Birmingham,4
USA,Columbus,4
Australia,Melbourne,4
USA,Phoenix,4
USA,Uncasville,4
USA,Tampa,4
USA,San Diego,4
USA,San Antonio,4
USA,San Jose,4
USA,Salt Lake City,4
Ireland,Dublin,3
USA,Washington,3
USA,Fairfax,3
USA,Philadelphia,3
USA,Milwaukee,3
USA,Pittsburgh,3
USA,Oklahoma City,3
USA,Kansas City,3
USA,Minneapolis,3
USA,Broomfield,3
USA,Brooklyn,3
Brazil,Fortaleza,3
Canada,Winnipeg,3
Brazil,Brasilia,3
Canada,Edmonton,3
New Zealand,Auckland,3
Brazil,Jaragua do Sul,2
Brazil,Barueri,2
Australia,Adelaide,2
Azerbaijan,Baku,2
Canada,Halifax,2
Canada,Calgary,2
Australia,Brisbane,2
China,Shanghai,2
Canada,Ottawa,2
United Kingdom,Birmingham,2
United Kingdom,Glasgow,2
United Kingdom,Belfast,2
USA,Tulsa,2
USA,Norfolk,2
USA,Portland,2
USA,Sunrise,2
USA,St. Louis,2
USA,Louisville,2
USA,Lake Charles,2
USA,Omaha,2
USA,Indianapolis,2
Germany,Berlin,2
Netherlands,Rotterdam,2
Germany,Hamburg,2
USA,East Rutherford,2
Brazil,Belo Horizonte,2
Brazil,Goiania,2
USA,Cincinnati,2
USA,Glendale,2
USA,Detroit,2
USA,Bay St. Louis,2
USA,Buffalo,2
USA,Cedar Rapids,2
USA,Augusta,2
Japan,Tokyo,2
Russia,Moscow,2
Saudi Arabia,Riyadh,2
Brazil,Uberlandia,1
Canada,Moncton,1
Argentina,Buenos Aires,1
Australia,Gold Coast,1
Denmark,Copenhagen,1
Czech Republic,Prague,1
Croatia,Zagreb,1
China,Shenzhen,1
China,Beijing,1
Canada,Quebec City,1
Canada,Saskatoon,1
Chile,Santiago,1
Brazil,Natal,1
Brazil,Porto Alegre,1
Brazil,Belem,1
Brazil,Curitiba,1
USA,Bossier City,1
USA,Casper,1
South Korea,Busan,1
USA,Baltimore,1
Poland,Krakow,1
Poland,Gdansk,1
Philippines,Manila,1
Mexico,Monterrey,1
Japan,Yokohama,1
Germany,Cologne,1
Germany,Oberhausen,1
Puerto Rico,San Juan,1
Singapore,Singapore,1
Serbia,Belgrade,1
Qatar,Doha,1
Russia,Saint Petersburg,1
USA,Albany,1
South Korea,Seoul,1
USA,Albuquerque,1
Japan,Chiba,1
USA,Fresno,1
USA,Fort Campbell,1
USA,Fayetteville,1
USA,Elmont,1
USA,Dothan,1
USA,Duluth,1
USA,Cleveland,1
USA,Des Moines,1
USA,Boise,1
USA,Bangor,1
USA,Auburn Hills,1
USA,Greenville,1
USA,Inglewood,1
USA,Killeen,1
USA,Lincoln,1
USA,Ledyard,1
USA,Oakland,1
USA,Mobile,1
USA,Memphis,1
USA,Hidalgo,1
USA,Rio Rancho,1
USA,Raleigh,1
USA,Rosemont,1
USA,Rochester,1
USA,Sioux Falls,1
USA,Wichita,1
USA,Uniondale,1
USA,Utica,1
United Kingdom,Liverpool,1
United Kingdom,Newcastle,1
United Kingdom,Nottingham,1
Uruguay,Montevideo,1
