fight_year,is_ufc,in_scope,fights,missing_round_stats,scrape_errors,complete_stats_share
1993,True,False,8,0,0,1.0
1994,True,True,31,2,2,0.9354838709677419
1995,True,True,40,6,6,0.85
1996,True,True,43,7,7,0.8372093023255814
1997,False,False,8,0,0,1.0
1997,True,True,41,2,2,0.9512195121951219
1998,False,False,21,0,0,1.0
1998,True,True,25,4,4,0.84
1999,False,False,29,0,0,1.0
1999,True,True,44,0,0,1.0
2000,False,False,57,0,0,1.0
2000,True,True,43,0,0,1.0
2001,False,False,65,8,8,0.8769230769230769
2001,True,True,40,0,0,1.0
2002,False,False,87,17,17,0.8045977011494253
2002,True,True,53,0,0,1.0
2003,False,False,77,0,0,1.0
2003,True,True,41,0,0,1.0
2004,False,False,117,1,1,0.9914529914529915
2004,True,True,39,0,0,1.0
2005,False,False,126,1,1,0.9920634920634921
2005,True,True,80,0,0,1.0
2006,False,False,225,19,18,0.9155555555555556
2006,True,True,158,0,0,1.0
2007,False,False,179,22,22,0.8770949720670391
2007,True,True,171,0,0,1.0
2008,False,False,258,43,43,0.8333333333333334
2008,True,True,201,0,0,1.0
2009,False,False,264,63,63,0.7613636363636364
2009,True,True,215,0,0,1.0
2010,False,False,254,60,60,0.7637795275590551
2010,True,True,253,0,0,1.0
2011,False,False,196,73,73,0.6275510204081632
2011,True,True,300,0,0,1.0
2012,False,False,59,1,1,0.9830508474576272
2012,True,True,341,0,0,1.0
2013,False,False,13,2,2,0.8461538461538461
2013,True,True,386,0,0,1.0
2014,True,True,503,0,0,1.0
2015,True,True,473,0,0,1.0
2016,True,True,493,0,0,1.0
2017,False,False,40,0,0,1.0
2017,True,True,457,0,0,1.0
2018,False,False,55,0,0,1.0
2018,True,True,474,0,0,1.0
2019,False,False,49,0,0,1.0
2019,True,True,516,0,0,1.0
2020,False,False,48,0,0,1.0
2020,True,True,456,0,0,1.0
2021,False,False,50,0,0,1.0
2021,True,True,509,0,0,1.0
2022,False,False,76,0,0,1.0
2022,True,True,511,0,0,1.0
2023,False,False,78,0,0,1.0
2023,True,True,520,0,0,1.0
2024,False,False,80,0,0,1.0
2024,True,True,517,0,0,1.0
2025,False,False,82,0,0,1.0
2025,True,True,520,0,0,1.0
2026,False,False,20,0,0,1.0
2026,True,True,326,0,0,1.0
