time_format,fights,affected,mean_error_seconds,maximum_error_seconds
1 Rnd (10),7,0,0.0,0
1 Rnd (12),6,0,0.0,0
1 Rnd (15),12,0,0.0,0
1 Rnd (18),2,0,0.0,0
1 Rnd (20),25,0,0.0,0
1 Rnd (30),1,0,0.0,0
1 Rnd + 2OT (15-3-3),20,6,150.0,600
1 Rnd + 2OT (24-3-3),1,1,1020.0,1020
1 Rnd + OT (12-3),88,18,85.9090909090909,420
1 Rnd + OT (15-3),2,1,300.0,600
1 Rnd + OT (27-3),1,1,1320.0,1320
1 Rnd + OT (30-3),1,1,1500.0,1500
1 Rnd + OT (30-5),3,0,0.0,0
1 Rnd + OT (31-5),1,1,1560.0,1560
2 Rnd (5-5),14,0,0.0,0
3 Rnd (5-5-5),7777,0,0.0,0
3 Rnd + OT (5-5-5-5),43,0,0.0,0
5 Rnd (5-5-5-5-5),785,0,0.0,0
No Time Limit,31,0,0.0,0
