weight_class,outcome,n,successes,rate,low,high,pooled_weight
Bantamweight,Decision,308,26,0.08441558441558442,0.05825706203485812,0.12081296615149165,0.1078655975563192
Bantamweight,Finish,257,131,0.5097276264591439,0.44891788711129693,0.5702508448173076,0.1078655975563192
Featherweight,Decision,327,36,0.11009174311926606,0.08058873525879195,0.14864933874510083,0.11702940053455517
Featherweight,Finish,286,148,0.5174825174825175,0.45972328014809904,0.5747783402918751,0.11702940053455517
Flyweight,Decision,175,12,0.06857142857142857,0.03965761328109245,0.11601914648302845,0.06223749522718595
Flyweight,Finish,151,77,0.5099337748344371,0.4309481518820816,0.5884265041231554,0.06223749522718595
Heavyweight,Decision,150,2,0.013333333333333334,0.0036641291512270503,0.04730690870036751,0.07464681176021382
Heavyweight,Finish,241,118,0.4896265560165975,0.4271735596873371,0.5524050622336274,0.07464681176021382
Light Heavyweight,Decision,141,10,0.07092198581560284,0.03897663408844457,0.12562719560791719,0.07464681176021382
Light Heavyweight,Finish,250,121,0.484,0.4227644183135957,0.5457198472702585,0.07464681176021382
Lightweight,Decision,380,47,0.12368421052631579,0.09430057614226331,0.16060012979320296,0.15005727376861397
Lightweight,Finish,406,196,0.4827586206896552,0.4345415219760037,0.5312989275473691,0.15005727376861397
Middleweight,Decision,253,24,0.09486166007905138,0.06457653741151984,0.13726571601099175,0.11550210003818251
Middleweight,Finish,352,167,0.4744318181818182,0.42282456032996085,0.5265911146741424,0.11550210003818251
Welterweight,Decision,363,33,0.09090909090909091,0.06546449329914741,0.1249214544757235,0.14432989690721648
Welterweight,Finish,393,177,0.45038167938931295,0.4019087495126554,0.4998152283300391,0.14432989690721648
Women's Bantamweight,Decision,126,5,0.03968253968253968,0.017067113080169644,0.08953565422090193,0.038564337533409696
Women's Bantamweight,Finish,76,35,0.4605263157894737,0.35307731232622985,0.5717737601789127,0.038564337533409696
Women's Flyweight,Decision,166,8,0.04819277108433735,0.024619468718975003,0.09220394388278114,0.05021000381825124
Women's Flyweight,Finish,97,34,0.35051546391752575,0.26291093968524726,0.4495089286987989,0.05021000381825124
Women's Strawweight,Decision,226,17,0.0752212389380531,0.04749197665862447,0.11714959416526821,0.0649102710958381
Women's Strawweight,Finish,114,59,0.5175438596491229,0.4267504103946124,0.6071935006875335,0.0649102710958381
