fight_year,fighter_rounds,known_control_share
1994,58,0.0
1995,74,0.0
1996,78,0.0
1997,96,0.0
1998,60,0.0
1999,158,0.5822784810126582
2000,182,1.0
2001,184,1.0
2002,232,1.0
2003,176,1.0
2004,146,1.0
2005,308,1.0
2006,640,1.0
2007,724,1.0
2008,834,1.0
2009,960,1.0
2010,1220,1.0
2011,1396,1.0
2012,1576,1.0
2013,1800,1.0
2014,2402,1.0
2015,2256,1.0
2016,2418,1.0
2017,2220,1.0
2018,2300,1.0
2019,2546,1.0
2020,2228,1.0
2021,2540,1.0
2022,2476,1.0
2023,2496,1.0
2024,2652,1.0
2025,2486,1.0
2026,1518,1.0
