year,features,train_fights,n,accuracy,precision,recall,f1,roc_auc,brier_score,log_loss
2018,Majority baseline,4391,469,0.509594882729211,0.0,0.0,0.0,0.5,0.24993940424443062,0.6930259868184995
2018,Age and division,4391,469,0.5714285714285714,0.5638766519823789,0.5565217391304348,0.5601750547045952,0.586283427323995,0.2434222278464083,0.6796910610070611
2018,"Age, records and division",4391,469,0.5842217484008528,0.5770925110132159,0.5695652173913044,0.5733041575492341,0.6220120065490267,0.2382009856975828,0.6699225973623013
2018,Full historical features,4391,469,0.5692963752665245,0.5614035087719298,0.5565217391304348,0.5589519650655022,0.6190467527742405,0.23860025555598877,0.6707367852905822
2019,Majority baseline,4860,506,0.5335968379446641,0.0,0.0,0.0,0.5,0.24971632255304554,0.6925798107239397
2019,Age and division,4860,506,0.5731225296442688,0.5427350427350427,0.538135593220339,0.5404255319148936,0.5803593848085374,0.2453197180950562,0.6838607312987502
2019,"Age, records and division",4860,506,0.5434782608695652,0.510548523206751,0.5127118644067796,0.5116279069767442,0.571217827997489,0.24797427244895637,0.6894390621206851
2019,Full historical features,4860,506,0.5513833992094862,0.5185185185185185,0.5338983050847458,0.5260960334029228,0.576789077212806,0.2465026310602808,0.6861406301573002
2020,Majority baseline,5366,444,0.5225225225225225,0.0,0.0,0.0,0.5,0.24972543693694763,0.6925980194742593
2020,Age and division,5366,444,0.5765765765765766,0.5714285714285714,0.4528301886792453,0.5052631578947369,0.5963728041639558,0.2446106123212255,0.6825632338796095
2020,"Age, records and division",5366,444,0.6081081081081081,0.6079545454545454,0.5047169811320755,0.5515463917525774,0.615301724137931,0.23982669921611136,0.672522562862524
2020,Full historical features,5366,444,0.6103603603603603,0.6077348066298343,0.5188679245283019,0.5597964376590331,0.626707872478855,0.23815646048536115,0.6691835273553629
2021,Majority baseline,5810,497,0.4949698189134809,0.0,0.0,0.0,0.5,0.2501559743129995,0.6934591655224274
2021,Age and division,5810,497,0.5492957746478874,0.5639810426540285,0.47410358565737054,0.5151515151515151,0.5667087746574677,0.24631139983792724,0.6856173642804015
2021,"Age, records and division",5810,497,0.5975855130784709,0.6153846153846154,0.5418326693227091,0.576271186440678,0.6273604767920189,0.2375006805744621,0.6676217775411031
2021,Full historical features,5810,497,0.5714285714285714,0.5863636363636363,0.5139442231075697,0.5477707006369427,0.6257895248275192,0.23782192035725094,0.6689793662073789
2022,Majority baseline,6307,506,0.5177865612648221,0.0,0.0,0.0,0.5,0.24979208548630588,0.6927313253310191
2022,Age and division,6307,506,0.5632411067193676,0.5566502463054187,0.46311475409836067,0.5055928411633109,0.5830309097734951,0.24416847392937607,0.681500280789296
2022,"Age, records and division",6307,506,0.5928853754940712,0.5922330097087378,0.5,0.5422222222222223,0.6103585283443873,0.24086395724620452,0.6749855751612373
2022,Full historical features,6307,506,0.6086956521739131,0.6074766355140186,0.5327868852459017,0.5676855895196506,0.6216837692403955,0.23799532878022733,0.6690573948815914
