fight_year,active_fighters,new_fighters,returning_fighters,entrant_share
1994,37,32,5,0.8648648648648649
1995,38,26,12,0.6842105263157895
1996,40,29,11,0.725
1997,52,38,14,0.7307692307692307
1998,38,30,8,0.7894736842105263
1999,58,35,23,0.603448275862069
2000,65,39,26,0.6
2001,48,23,25,0.4791666666666667
2002,66,24,42,0.36363636363636365
2003,57,24,33,0.42105263157894735
2004,54,18,36,0.3333333333333333
2005,102,60,42,0.5882352941176471
2006,174,87,87,0.5
2007,193,81,112,0.41968911917098445
2008,219,81,138,0.3698630136986301
2009,250,77,173,0.308
2010,268,80,188,0.29850746268656714
2011,340,126,214,0.37058823529411766
2012,383,115,268,0.3002610966057441
2013,447,142,305,0.31767337807606266
2014,565,229,336,0.40530973451327434
2015,576,107,469,0.1857638888888889
2016,554,118,436,0.21299638989169675
2017,537,121,416,0.22532588454376165
2018,569,121,448,0.2126537785588752
2019,589,138,451,0.23429541595925296
2020,576,123,453,0.21354166666666666
2021,610,91,519,0.14918032786885246
2022,608,99,509,0.16282894736842105
2023,624,127,497,0.20352564102564102
2024,629,102,527,0.16216216216216217
2025,620,95,525,0.1532258064516129
2026,518,90,428,0.17374517374517376
