year,active,seen_next_year,next_year_return_share
2000,65,22,0.3384615384615385
2001,48,33,0.6875
2002,66,28,0.42424242424242425
2003,57,29,0.5087719298245614
2004,54,30,0.5555555555555556
2005,102,72,0.7058823529411765
2006,174,107,0.6149425287356322
2007,193,132,0.6839378238341969
2008,219,153,0.6986301369863014
2009,250,172,0.688
2010,268,191,0.7126865671641791
2011,340,256,0.7529411764705882
2012,383,284,0.741514360313316
2013,447,309,0.6912751677852349
2014,565,439,0.7769911504424779
2015,576,399,0.6927083333333334
2016,554,384,0.6931407942238267
2017,537,411,0.7653631284916201
2018,569,412,0.7240773286467487
2019,589,415,0.7045840407470289
2020,576,452,0.7847222222222222
2021,610,467,0.7655737704918033
2022,608,440,0.7236842105263158
2023,624,483,0.7740384615384616
2024,629,475,0.7551669316375199
