year,events,countries,country_hhi,effective_country_count,usa_share,largest_city_share
1994,3,1,1.0,1.0,1.0,0.3333333333333333
1995,4,1,1.0,1.0,1.0,0.25
1996,5,2,0.6800000000000002,1.4705882352941173,0.8,0.4
1997,5,2,0.6800000000000002,1.4705882352941173,0.8,0.2
1998,3,2,0.5555555555555556,1.7999999999999998,0.6666666666666666,0.3333333333333333
1999,6,2,0.7222222222222223,1.3846153846153844,0.8333333333333334,0.16666666666666666
2000,6,2,0.5555555555555556,1.7999999999999998,0.6666666666666666,0.3333333333333333
2001,5,1,1.0,1.0,1.0,0.4
2002,7,2,0.7551020408163265,1.3243243243243243,0.8571428571428571,0.42857142857142855
2003,5,1,1.0,1.0,1.0,0.4
2004,5,1,1.0,1.0,1.0,0.8
2005,10,1,1.0,1.0,1.0,0.8
2006,18,1,1.0,1.0,1.0,0.6666666666666666
2007,19,2,0.7340720221606647,1.3622641509433964,0.8421052631578947,0.42105263157894735
2008,20,3,0.665,1.5037593984962405,0.8,0.45
2009,20,5,0.5799999999999998,1.7241379310344833,0.75,0.3
2010,24,6,0.5243055555555558,1.9072847682119196,0.7083333333333334,0.25
2011,27,5,0.6213991769547325,1.6092715231788082,0.7777777777777778,0.2962962962962963
2012,31,8,0.40270551508844954,2.483204134366925,0.6129032258064516,0.1935483870967742
2013,33,7,0.35720844811753893,2.79948586118252,0.5454545454545454,0.21212121212121213
2014,46,14,0.3062381852551985,3.2654320987654315,0.5217391304347826,0.15217391304347827
2015,41,13,0.3146936347412255,3.1776937618147443,0.5365853658536586,0.21951219512195122
2016,41,9,0.4229625223081499,2.3642756680731365,0.6341463414634146,0.2682926829268293
2017,39,13,0.3385930309007231,2.9533980582524277,0.5641025641025641,0.15384615384615385
2018,39,11,0.368836291913215,2.7112299465240643,0.5897435897435898,0.1282051282051282
2019,42,15,0.2947845804988661,3.392307692307694,0.5238095238095238,0.07142857142857142
2020,41,4,0.584770969660916,1.710071210579858,0.7317073170731707,0.5609756097560976
2021,43,2,0.8312601406165494,1.202992843201041,0.9069767441860465,0.7906976744186046
2022,42,5,0.7800453514739228,1.2819767441860466,0.8809523809523809,0.5952380952380952
2023,43,8,0.5976203353163871,1.6733031674208148,0.7674418604651163,0.5116279069767442
2024,42,10,0.5532879818594105,1.8073770491803276,0.7380952380952381,0.5
2025,42,12,0.45578231292516996,2.194029850746269,0.6666666666666666,0.38095238095238093
