year,model,n,train_fights,accuracy,precision,recall,f1,roc_auc,brier_score,log_loss
2018,Raw Elo K=16,469,4391,0.5458422174840085,0.5349794238683128,0.5652173913043478,0.5496828752642706,0.5608968528288157,0.24740143065277528,0.6879233981972886
2018,Raw Elo K=32,469,4391,0.5479744136460555,0.5365853658536586,0.5739130434782609,0.5546218487394958,0.5666818264507913,0.24603669771592998,0.685123588160398
2018,Raw Elo K=64,469,4391,0.5458422174840085,0.5346938775510204,0.5695652173913044,0.5515789473684211,0.5748681098781153,0.245003974018068,0.6830062142857227
2018,Historical logistic,469,4391,0.5692963752665245,0.5614035087719298,0.5565217391304348,0.5589519650655022,0.6190467527742405,0.23860025555598877,0.6707367852905822
2018,History plus Elo,469,4391,0.579957356076759,0.5714285714285714,0.5739130434782609,0.5726681127982647,0.6316172457704201,0.23638546240335323,0.6651858416253438
2018,Elo and division logistic,469,4391,0.5287846481876333,0.5198237885462555,0.5130434782608696,0.5164113785557987,0.5695561215208296,0.24609817591172067,0.685212235660421
2019,Raw Elo K=16,506,4860,0.5019762845849802,0.468,0.4957627118644068,0.48148148148148145,0.5063873195229127,0.2501956230116416,0.6935325966517403
2019,Raw Elo K=32,506,4860,0.5059288537549407,0.4717741935483871,0.4957627118644068,0.4834710743801653,0.5069679849340867,0.251208152278299,0.6955584475750065
2019,Raw Elo K=64,506,4860,0.5019762845849802,0.468,0.4957627118644068,0.48148148148148145,0.5108129315756434,0.25410264033529567,0.701565566471795
2019,Historical logistic,506,4860,0.5513833992094862,0.5185185185185185,0.5338983050847458,0.5260960334029228,0.576789077212806,0.2465026310602808,0.6861406301573002
2019,History plus Elo,506,4860,0.5691699604743083,0.5387931034482759,0.5296610169491526,0.5341880341880342,0.5749372253609542,0.2476380261638159,0.6889209753100303
2019,Elo and division logistic,506,4860,0.5276679841897233,0.49361702127659574,0.4915254237288136,0.49256900212314225,0.5180241682360327,0.25338854510090264,0.7002813139694449
2020,Raw Elo K=16,444,5366,0.5765765765765766,0.5540540540540541,0.5801886792452831,0.5668202764976958,0.5871828236824983,0.24717474444226697,0.6874858992794274
2020,Raw Elo K=32,444,5366,0.5833333333333334,0.5605381165919282,0.589622641509434,0.5747126436781609,0.5932010409889394,0.24506853054374905,0.6832211322103631
2020,Raw Elo K=64,444,5366,0.5743243243243243,0.5525114155251142,0.5707547169811321,0.5614849187935035,0.6045665256994144,0.24241593750121504,0.6778264831526915
2020,Historical logistic,444,5366,0.6103603603603603,0.6077348066298343,0.5188679245283019,0.5597964376590331,0.626707872478855,0.23815646048536115,0.6691835273553629
2020,History plus Elo,444,5366,0.6036036036036037,0.59375,0.5377358490566038,0.5643564356435643,0.6418347430058555,0.23449199565316783,0.6617685485151977
2020,Elo and division logistic,444,5366,0.5608108108108109,0.547486033519553,0.46226415094339623,0.5012787723785166,0.5796702179570592,0.24500077428580075,0.683109216756123
2021,Raw Elo K=16,497,5810,0.5674044265593562,0.5676691729323309,0.601593625498008,0.5841392649903289,0.5848233083924465,0.2467488980851276,0.6866237512744655
2021,Raw Elo K=32,497,5810,0.5694164989939637,0.5687732342007435,0.6095617529880478,0.5884615384615385,0.5871959317202734,0.2449956083507657,0.6830485827066937
2021,Raw Elo K=64,497,5810,0.5694164989939637,0.5687732342007435,0.6095617529880478,0.5884615384615385,0.5883053153240696,0.24424398136558503,0.6815387074703279
2021,Historical logistic,497,5810,0.5714285714285714,0.5863636363636363,0.5139442231075697,0.5477707006369427,0.6257895248275192,0.23782192035725094,0.6689793662073789
2021,History plus Elo,497,5810,0.5915492957746479,0.6090909090909091,0.5338645418326693,0.5690021231422505,0.6161856638486704,0.2406766579843285,0.6752127525223434
2021,Elo and division logistic,497,5810,0.5291750503018109,0.5352697095435685,0.5139442231075697,0.524390243902439,0.5726929679655363,0.2454507822649065,0.6838892762218257
2022,Raw Elo K=16,506,6307,0.5731225296442688,0.5564516129032258,0.5655737704918032,0.5609756097560976,0.592322612939557,0.2468711660437389,0.6868774150226017
2022,Raw Elo K=32,506,6307,0.5711462450592886,0.5537848605577689,0.569672131147541,0.5616161616161616,0.5958421974721563,0.24482425569669702,0.6827695313741989
2022,Raw Elo K=64,506,6307,0.5592885375494071,0.5421686746987951,0.5532786885245902,0.5476673427991886,0.6017550994869227,0.24233446064666606,0.6779075960458708
2022,Historical logistic,506,6307,0.6086956521739131,0.6074766355140186,0.5327868852459017,0.5676855895196506,0.6216837692403955,0.23799532878022733,0.6690573948815914
2022,History plus Elo,506,6307,0.5988142292490118,0.5980861244019139,0.5122950819672131,0.5518763796909493,0.6323520210236516,0.2345701349673016,0.6612547442039545
2022,Elo and division logistic,506,6307,0.5652173913043478,0.5545454545454546,0.5,0.5258620689655172,0.5805359154048304,0.24552620150443816,0.6843457845344879
