fighter_id,fighter_name,n,successes,rate,low,high,minimum_decisive_fights
032cc3922d871c7f,Khabib Nurmagomedov,13,13,1.0,0.7719046276458016,0.9999999999999999,5
76e2870ffafbe38f,Movsar Evloev,10,10,1.0,0.7224672001371107,0.9999999999999999,5
262d32ebda89efc4,Natalia Silva,8,8,1.0,0.6755924351161198,1.0,5
01afe0916a40c7c5,Shavkat Rakhmonov,7,7,1.0,0.6456695649333126,1.0,5
75353550928a7921,Muhammad Mokaev,7,7,1.0,0.6456695649333126,1.0,5
a09ed60aa67a3f67,Farid Basharat,7,7,1.0,0.6456695649333126,1.0,5
c32aeb1a59e6272d,Michael Morales,7,7,1.0,0.6456695649333126,1.0,5
17734443a833cdf7,Quillan Salkilld,6,6,1.0,0.6096657120978346,1.0,5
87aa9fb63d6b51a1,Zabit Magomedsharipov,6,6,1.0,0.6096657120978346,1.0,5
8f765fd5775a8873,Rinat Fakhretdinov,6,6,1.0,0.6096657120978346,1.0,5
032cc3922d871c7f,Khabib Nurmagomedov,13,13,1.0,0.7719046276458016,0.9999999999999999,10
76e2870ffafbe38f,Movsar Evloev,10,10,1.0,0.7224672001371107,0.9999999999999999,10
07f72a2a7591b409,Jon Jones,23,22,0.9565217391304348,0.7900884492974114,0.9922833338565469,10
275aca31f61ba28c,Islam Makhachev,18,17,0.9444444444444444,0.7424269921812741,0.990124809021697,10
6506c1d34da9c013,Georges St-Pierre,22,20,0.9090909090909091,0.7218505315839417,0.9747045710090046,10
0d7b51c9d2649a6e,Dricus Du Plessis,11,10,0.9090909090909091,0.6226415635484043,0.9837678271141151,10
17e97649403ba428,Joshua Van,11,10,0.9090909090909091,0.6226415635484043,0.9837678271141151,10
442c9011034ae1fd,Ian Machado Garry,11,10,0.9090909090909091,0.6226415635484043,0.9837678271141151,10
9014c02eff8b3d62,Carlos Ulberg,11,10,0.9090909090909091,0.6226415635484043,0.9837678271141151,10
271fe91f4ba9d2c5,Don Frye,10,9,0.9,0.5958499732047615,0.9821237869049271,10
07f72a2a7591b409,Jon Jones,23,22,0.9565217391304348,0.7900884492974114,0.9922833338565469,20
6506c1d34da9c013,Georges St-Pierre,22,20,0.9090909090909091,0.7218505315839417,0.9747045710090046,20
f1b2aa7853d1ed6e,Kamaru Usman,20,16,0.8,0.5839825677481064,0.919342337420202,20
cb696ebfb6598724,Aljamain Sterling,23,18,0.782608695652174,0.5809651698373599,0.9033602197341379,20
c0ab242c40decc55,Ryan Bader,20,15,0.75,0.531299122381256,0.8881382985923343,20
150ff4cc642270b9,Max Holloway,33,24,0.7272727272727273,0.5578244099712737,0.8493255911457935,20
0d8011111be000b2,Sean Strickland,25,18,0.72,0.5242339480963842,0.8571614614904344,20
621a6c59f88a44fe,Matt Hughes,25,18,0.72,0.5242339480963842,0.8571614614904344,20
e1147d3d2dabe1ce,Robert Whittaker,25,18,0.72,0.5242339480963842,0.8571614614904344,20
80eacd4da0617c57,Joseph Benavidez,21,15,0.7142857142857143,0.5004361928391441,0.8618613704787788,20
