weight_class,fighter_fights,equal_fight_weighted_rate,exposure_weighted_rate,difference
Bantamweight,1588.0,3.991506831746275,3.6826525878636596,0.3088542438826156
Catch Weight,164.0,4.157529176015561,4.144932320897986,0.012596855117574357
Featherweight,1754.0,4.087418120965187,3.7525240109522153,0.3348941100129714
Flyweight,848.0,3.6134329642009426,3.3920553027154683,0.22137766148547433
Heavyweight,1564.0,3.9836161109967443,3.3105880992309027,0.6730280117658416
Light Heavyweight,1538.0,3.993160831339309,3.4092340342095246,0.5839267971297843
Lightweight,2936.0,3.72740848243952,3.4219163350897945,0.3054921473497254
Middleweight,2320.0,3.574376897550125,3.2669295240557603,0.3074473734943646
Open Weight,182.0,2.6162141092606066,1.2357894736842105,1.380424635576396
Other / unspecified,20.0,1.983807339205305,0.9461302420729628,1.0376770971323421
Super Heavyweight,2.0,1.4111498257839723,1.411149825783972,2.220446049250313e-16
Welterweight,2820.0,3.6574251358891465,3.316833596305943,0.3405915395832033
Women's Bantamweight,500.0,4.246685301322457,3.730803925617589,0.5158813757048679
Women's Featherweight,60.0,3.890976514667467,3.6010315808524114,0.2899449338150557
Women's Flyweight,554.0,4.032265426998854,4.0049579099044434,0.027307517094410372
Women's Strawweight,748.0,4.13941825559658,4.023563981777375,0.11585427381920521
