fighter_id,debut_date,debut_win,fights_within_730_days,reached_three_fights
002ca196477ce572,2019-07-20,False,2,False
003d82fa384ca1d0,2020-02-29,False,2,False
0052de90691d4a93,2017-03-11,False,4,True
008dc37cca279def,2010-09-25,True,3,True
008ea710276c9606,2021-04-24,True,3,True
009341ed974bad72,2020-07-11,True,3,True
009c4420727149ea,2022-02-12,False,3,True
00a3ff40c4b2cf21,2015-08-01,True,3,True
00debc804e2b1cd4,2013-04-13,True,4,True
00e11b5c8b7bfeeb,2013-05-18,False,5,True
010986ee359fb863,2010-01-11,False,3,True
0112352cb32f5026,2022-03-26,False,5,True
013da757877044a2,2009-12-05,False,2,False
01641ba5df0c69b0,2023-01-21,True,4,True
016a8d958883167c,2017-02-19,False,3,True
01784fbc27c68b14,2017-12-01,True,3,True
01afe0916a40c7c5,2020-10-24,True,4,True
01b352b6a9074d5c,2016-08-06,False,6,True
01d2ed8c502e3828,2013-02-23,False,1,False
01daf32100ed7517,2000-04-14,False,1,False
01f022fa494188e2,2010-06-19,False,1,False
01fcef7e3d051722,2014-11-15,True,3,True
01fed6f61ebea01f,2022-02-19,False,3,True
0232cabbc30a2372,2020-10-31,True,5,True
02500fb9fd79a974,2007-11-17,False,1,False
025f0b1b58fbad01,2018-07-22,True,4,True
029880cdbf5ca089,2001-02-23,True,3,True
029afd138865d20a,2021-05-22,False,4,True
029e1293e609fd74,2019-11-09,False,2,False
029eaff01e6bb8f0,2011-01-01,True,6,True
02bb48869eb7ac8f,2023-12-09,False,3,True
02e52b3a595f0786,2005-06-04,False,2,False
02f2a9702ba3d167,2015-12-11,False,6,True
02f8fedc18cbd26c,2022-07-16,True,5,True
030f08370fd1c2bb,2005-11-05,False,1,False
032cc3922d871c7f,2012-01-20,True,5,True
0359313549d230a1,2005-02-05,True,3,True
036e96c1c12b8a59,2023-01-14,False,2,False
03c9994c5b8958ec,2011-12-10,True,3,True
03f982ca3735070c,2013-11-30,False,3,True
040426baba8a45e8,2000-06-09,False,1,False
040a74bb0a465c54,2015-06-20,True,3,True
045f25b3a4c08e81,2016-11-19,True,5,True
04643fd03d9159cc,2007-08-25,False,5,True
047a91d3d9c79b05,2021-07-31,False,2,False
04835018f90b118c,2021-02-20,True,4,True
049d698d773eb3e1,2008-10-25,False,2,False
04b39f4e8eb59d7c,2015-08-08,False,4,True
04c15b52c3cc1cab,2007-04-05,False,4,True
04c8b08b16a5b99e,2019-10-18,True,7,True
04d5718ed2661e8c,2006-06-28,False,5,True
04f9fe830cf13482,2003-09-26,False,1,False
052ceb8976695342,2009-10-24,False,2,False
05339613bf8e9808,2014-07-05,True,3,True
0541480fbf719d86,2007-05-26,True,5,True
054defd5420a551f,2008-06-21,True,4,True
05560764359161e4,2011-03-19,False,6,True
056c493bbd76a918,2014-12-13,True,6,True
0577808d22dfe79c,2011-06-11,False,2,False
05866d8c3a321856,2003-06-06,False,2,False
058e4e08a1ad8aba,2008-07-19,False,3,True
0597a4528ebd1307,2006-10-10,False,2,False
05b43e0ead3df345,2014-11-22,False,4,True
05fa626cb33d15b8,2018-05-19,True,5,True
0641c21bec209472,2016-02-06,False,1,False
064b7dc68d786254,2014-08-30,False,2,False
065eb44700e641a4,2017-01-15,False,4,True
06626b6287e1ae1e,2024-04-27,True,5,True
06734ca9d88dec3a,2023-10-21,True,6,True
06827d70c53ff0d9,2014-10-04,False,5,True
068f8a189a47fea6,2018-11-30,True,7,True
06a80a685ea98573,2020-05-16,False,3,True
06e4245d16fc5315,2022-09-03,False,4,True
06f0ffa6446c5b6d,2005-10-07,True,3,True
06f36cf4bd97ec77,2006-06-24,False,6,True
07047eb7d17fb0a2,2024-03-23,True,3,True
07225ba28ae309b6,2010-08-01,True,7,True
072a10e85f7d4bff,2014-08-23,True,2,False
0749d968e932df53,2014-01-04,True,2,False
0778f94eb5d588a5,2016-01-17,False,2,False
07797f10b9569cfc,2024-03-30,False,2,False
077e3ace32b72be9,2021-11-06,False,5,True
07a2bdaa0afdd831,2019-02-02,True,3,True
07f72a2a7591b409,2008-08-09,True,6,True
07f959e6596307bb,2024-02-17,False,2,False
082eba4cd80f736f,2022-09-03,False,4,True
0845c81e37d3bcb3,2017-02-04,True,5,True
0871254cd790c250,2012-01-20,False,2,False
0876d21328cf4a45,2014-01-04,False,1,False
08af939f41b5a57b,2014-01-15,True,7,True
08e908ed6d18d6a0,2012-06-01,True,5,True
093e1f5bb73850be,2019-02-02,False,3,True
0941df56f6ac954b,2009-08-08,True,7,True
0978385b2bd9ef9b,2023-01-14,False,2,False
09c44b317c98bf96,2000-03-10,False,1,False
09e62c450e754913,2020-12-19,True,1,False
09f579be4520394a,2014-11-08,True,2,False
0a1942069c9ad6b6,2016-09-03,True,6,True
0a73acff6325c1e2,2021-05-22,False,5,True
0a95c474e61a6c44,2018-09-15,False,1,False
0a97691039c4bbfb,2006-03-04,True,2,False
0b31f87be71ebbb1,2019-03-02,True,3,True
0b362247806341e5,2021-03-20,False,3,True
0b5b6876c2a4723f,2009-09-16,False,2,False
0b64d0fed453ef7f,2011-06-04,True,6,True
0b8d512c79b4baf3,2018-01-20,False,2,False
0bc697c5936a2d0a,2023-02-25,True,5,True
0bc7e61d204f2137,2005-10-03,False,2,False
0bcfe2513cb3bc39,2012-04-14,False,2,False
0be6776db31d98ec,2024-06-01,False,3,True
0c258d1d8e16e5f1,2020-10-31,False,2,False
0c25d0a5e8cdbf19,2022-08-13,False,5,True
0c5c66ddd1886b83,2012-06-08,False,4,True
0c670b443c3d269f,2016-09-03,False,2,False
0c6d9ea8306c029e,2010-06-19,True,4,True
0c9c0a43d3f3f49d,2012-07-11,True,3,True
0ccab7c889ede9ea,2015-03-21,True,4,True
0d0351c20169a499,2014-01-04,False,4,True
0d1c163b206e8c5f,2015-04-11,False,1,False
0d506315895efffc,2010-12-11,True,5,True
0d5cc0170c1a7e71,2023-07-22,True,5,True
0d62719b1dcf7c40,2017-11-25,False,5,True
0d7b51c9d2649a6e,2020-10-10,True,3,True
0d8011111be000b2,2014-03-15,True,5,True
0d980975001ae3d8,2019-11-09,True,2,False
0dba4df5f34d5ff0,2010-09-15,False,5,True
0de720c0f1d4ab9c,2020-08-15,True,4,True
0e041d43a47d2e4b,2000-12-16,True,6,True
0e21976afc92e4d1,2012-04-14,False,2,False
0e31bfd26cc8c503,2003-11-21,False,1,False
0e46690e55a8df75,2024-02-10,False,4,True
0e5c4e72237461bb,2021-11-06,False,2,False
0f6528b461e47462,2000-06-09,False,1,False
0fb1e2694a39a02f,2013-02-23,False,2,False
0fd5f4b838e890cc,2018-07-14,True,3,True
0ff11cc094e887bc,2008-04-19,True,6,True
102a8fdf8cbf7467,2022-05-07,False,3,True
103b06d8707895a9,2016-12-10,True,3,True
103e2e33a60683e1,2023-04-29,True,2,False
10559c53de0b950e,2012-06-22,False,2,False
10657c60ce349e0f,2014-01-04,False,1,False
1091d4d957141094,2013-08-31,False,6,True
10f3ba6cd2f44a97,2011-07-02,True,2,False
113df4fde64735c6,2013-11-30,False,1,False
11583163f45c7b31,2022-10-15,False,3,True
117a06469813e4ef,2024-06-22,True,3,True
11f8860028b68fcf,2011-06-11,False,3,True
1208ffc5be6e31ad,2008-04-02,False,2,False
1209b5134401ca53,2006-09-23,False,1,False
122ac9b816d8b71c,2017-12-01,True,3,True
1235b31de15d0c6e,2021-03-20,True,2,False
12585614e0ed2626,2021-09-25,True,4,True
1291edf2d566a71a,2018-01-20,True,5,True
129537073431e52e,2013-10-09,False,3,True
12e0fdc606f7e274,2021-04-10,True,4,True
12ebd7d157e91701,2021-06-19,True,6,True
12f1b140e248bdb9,2014-07-16,False,4,True
12f91bfa8f1f723b,2014-12-12,True,5,True
132deb59abae64b1,2015-12-19,True,5,True
132f860d02953f4c,2008-05-24,True,2,False
1338e2c7480bdf9e,2018-02-10,True,7,True
135d124172a0bea3,2018-12-01,True,3,True
13a0275fa13c4d26,2015-01-03,False,3,True
140567899d98978a,2024-03-09,True,3,True
140745cbbcb023ac,2007-09-22,False,3,True
1411c630ba711b64,2007-12-08,False,2,False
147e70aa6cc48cfc,2022-02-05,False,3,True
148bb103cfbf123e,2023-02-04,False,3,True
1497e735d9f2560a,2022-04-16,False,4,True
14aa21bc82cac57d,2013-05-18,False,3,True
14ff46596ad80609,2012-12-14,True,5,True
150ff4cc642270b9,2012-02-04,False,7,True
1536a25e16fc299b,2016-05-08,False,2,False
155bfc7ed36622df,2006-06-24,False,1,False
1562b12763cc8d67,2000-06-09,False,1,False
1588b787bda7b540,2015-05-30,True,4,True
159da492e000afbf,2013-06-08,False,4,True
15b1b21cd743d652,2009-09-19,False,4,True
15df64c02b6b0fde,2006-06-24,False,2,False
15ec018d144710db,2015-12-10,False,3,True
15edcf67ccf5be84,2007-06-23,False,1,False
1641ef250e9de19b,2019-02-02,False,2,False
1652f3213655b935,2001-02-23,True,4,True
165c244bcca3ed26,2014-12-12,False,4,True
16690d100f995f8f,2013-11-09,True,4,True
16a64f93f6678b7b,2021-09-25,False,1,False
16af2d5a6f28bee2,2013-03-16,False,2,False
16b89be2f5c16fba,2014-09-13,False,2,False
16bf6a73bdd302cd,2013-04-13,False,1,False
172c2135e70f87b7,2013-04-13,True,5,True
173acb3f920082b8,2011-12-03,True,5,True
175852708cb55776,2016-04-10,False,2,False
1788eee370f077b7,2018-07-14,False,5,True
179f1948dc234f1f,2009-03-07,False,7,True
17e97649403ba428,2023-06-24,True,8,True
182f2b78582de3d8,2012-05-15,False,3,True
185fb0200a4605e6,2015-06-20,False,2,False
18968f97ad34f15c,2007-05-26,False,7,True
1897b7b913736a7c,2019-08-31,True,3,True
18aecaf50f52e4c3,2002-07-13,True,2,False
18b602842a24f7c5,2018-04-07,False,4,True
18d01f7f8338ae72,2024-03-02,True,5,True
18e8b7070228e728,2016-04-16,False,3,True
192520689012c7e4,2018-12-01,False,2,False
193b9d1858bc4df3,2014-06-28,True,5,True
196ed28337adc630,2010-09-25,False,2,False
1971869b7e054261,2014-04-16,False,5,True
1975c2272ba40e71,2002-06-22,False,1,False
198994b47f395af0,2018-05-27,True,3,True
1999ffb5cebc314f,2016-12-09,False,3,True
199eb7cf6ae90294,2017-06-17,True,2,False
19a8cce18a1cef9e,2011-06-11,False,4,True
19b7738321cfae42,2019-12-07,False,4,True
19c591115a58982c,2022-01-15,True,5,True
19db7ac26308178f,2013-09-04,True,4,True
19f8a2f6eecd92ac,2024-06-08,True,2,False
1a08b01fdabb6ae2,2020-08-15,False,4,True
1a1a4d7a29041d77,2007-06-16,False,2,False
1a225f04aa6e0739,2002-03-22,False,1,False
1a2bf44edb8055b6,2024-01-20,False,3,True
1a31ef98efce7a79,2015-11-07,True,2,False
1a54231796e24a3f,2021-09-04,False,2,False
1a7745388839e52b,2011-11-05,True,5,True
1a9480fc288e55d7,2019-10-26,False,3,True
1a98c9dbb7fc3959,2015-12-12,False,3,True
1abfb658cd4f8533,2013-09-21,False,1,False
1ad381c8994c4e5b,2013-12-06,False,2,False
1ae8f3c723aacff4,2017-02-04,True,4,True
1af1170ed937cba7,2024-04-13,True,3,True
1b38a2b897f6209c,2016-08-27,True,3,True
1bcaac2d99b90fce,2012-06-23,False,3,True
1c061eb6e29eaa0a,2000-03-10,True,1,False
1c86754617d9813a,2007-04-05,True,5,True
1cecc8fe6748a532,2011-12-03,False,1,False
1cf1310684a841f5,2008-12-27,False,3,True
1cf7ccf64a5bf24e,2017-10-21,True,4,True
1d00756835ca67c9,2011-02-05,True,8,True
1d1b85389a05df69,2012-06-01,False,1,False
1d239d571e342453,2013-07-27,True,3,True
1d36f1ac66cf689d,2014-06-14,False,2,False
1d4bbaabd8b60173,2011-08-27,True,3,True
1dafccb62a0f98ec,2013-10-26,False,4,True
1ddb480b601cefb1,2018-06-01,False,4,True
1de9ad94de18eeaf,2017-12-01,True,2,False
1e1dbd1cc5a7469e,2012-09-29,True,4,True
1e327b281ef6a745,2013-04-06,True,2,False
1e35aa8955794580,2012-08-04,False,2,False
1e4f273069fb9e85,2019-09-07,False,3,True
1e719d4b676dc19a,2023-01-21,True,5,True
1e7483dbff40b84b,2014-04-16,False,4,True
1ea8df62b3f8fea6,2006-10-14,False,1,False
1eacf73d6a0055dc,2006-07-08,True,6,True
1ebdcb7488d0ebee,2017-04-08,False,2,False
1ebe20ebbfa15e29,2018-08-04,True,5,True
1ed32eaaba9ffe10,2014-03-01,False,3,True
1efa064872f089d0,2008-03-01,False,3,True
1eff7bc0f815b270,2019-10-05,True,4,True
1effd880e1f1bb30,2022-07-09,False,4,True
1f454354805b6f75,2006-06-28,True,6,True
1f4b04a926ef1287,2014-09-20,True,5,True
1f77fce698e80488,2010-06-19,False,1,False
1f9c371c93dfd3a9,2011-06-04,False,1,False
1fb80f46d3c105d9,2010-10-16,True,4,True
1fc64507a0cb38cf,2019-06-01,False,2,False
1fcfc3709fe58151,2009-06-13,False,3,True
1fd4fbdcc67de844,2006-11-18,True,7,True
1fe7adb23b3eedfb,2000-09-22,True,3,True
1ff9589f9065a9ed,2001-11-02,True,5,True
20205040232ed0f3,2006-09-23,True,6,True
202b0467521c9d6f,2014-05-31,False,3,True
203c957eac95dd87,2013-03-02,True,4,True
2067a177a2842fbf,2005-11-05,False,2,False
207773daeb4afa7b,2018-11-10,True,3,True
20999e27ddd94bda,2013-11-30,False,3,True
20bcc9966affb19c,2006-08-17,True,5,True
20bccc9bb4ceb23e,2023-01-21,False,4,True
210935fd21670f6d,2010-06-19,True,5,True
21321cdfba797c52,2006-04-15,False,1,False
2153a7f8396a46cc,2014-01-04,False,2,False
215a70f073a7b726,2019-03-23,True,6,True
219a254e15d60135,2009-05-23,True,5,True
21b1132949f2a9b0,2001-05-04,False,3,True
21b5c82c1b89dab1,2023-02-04,False,2,False
21b813b919776d90,2022-12-10,False,2,False
22061ff217907c78,2015-01-24,False,2,False
2244d9a2b64b8c3b,2018-11-10,False,7,True
225def29ecfe0fc1,2019-05-11,False,2,False
2284092f8b63273b,2014-04-19,False,3,True
2296125b6c362355,2017-11-25,False,3,True
22a92d7f62195791,2011-06-04,True,4,True
22aa91e402d0fe1f,2011-06-04,False,5,True
22d1e00e1aabb7c9,2006-02-04,False,1,False
22e47b53e4ceb27c,2003-04-25,True,3,True
22edaf53ad59a967,2010-03-21,False,7,True
22ee260735da0d58,2003-04-25,False,1,False
23024fdfc966410a,2014-07-26,True,5,True
231926533134ec1f,2008-01-23,False,4,True
231cae8b77fbbcc1,2018-09-15,True,1,False
232c582f29f8f65e,2013-04-06,True,5,True
23459ee7e373b98f,2009-11-14,False,4,True
234f3767ff0e5701,2006-06-24,True,6,True
236a37d96d476164,2009-09-16,True,6,True
23725c826c481e7f,2009-09-19,True,3,True
23a16ebe733e3041,2008-07-19,True,3,True
23a6e307077c6ccc,2015-11-21,False,2,False
23dec7c47cb418f8,2023-12-02,False,7,True
24174a3f44ce8e03,2017-06-10,False,2,False
242d36d241b43c12,2019-02-17,True,2,False
24656ef4d605c96f,2017-02-19,True,2,False
24b033b3daf1c9df,2007-12-29,False,5,True
2525a853486ee670,2015-06-27,True,2,False
2526be54e6a0e62a,2022-02-05,False,2,False
253076a23d03dcd0,2021-10-30,False,3,True
25433871e4eee0f4,2007-08-25,False,2,False
2549d63da9c456cb,2006-05-27,False,1,False
2558ae2e5671e318,2020-02-08,True,5,True
257b0c8d6f199895,2020-08-29,True,4,True
25af5e832f17b474,2018-11-17,True,2,False
25f9a5f3e8a52618,2024-04-27,True,5,True
260bd4cef10b033f,2022-07-30,False,6,True
260e9e0d4954aea6,2019-08-10,True,4,True
2620f3eb21c79614,2000-03-10,True,1,False
262a7d06203657e6,2018-03-03,True,4,True
262d32ebda89efc4,2022-06-18,True,5,True
2650e2f846a30f64,2008-06-21,True,5,True
265589bdd93e7ce5,2005-04-09,False,1,False
2676b28836a5a836,2011-04-30,True,7,True
267f4a6568abe245,2023-09-09,False,2,False
26b63bc5c0c1f65d,2014-12-12,False,3,True
26e3f3928b1891d9,2019-08-03,False,2,False
26eddcda9d6b2ffe,2001-06-29,False,1,False
270b89c00ef0c55c,2005-11-19,True,5,True
2721bb808bb2523c,2010-10-16,False,3,True
2747c60e42d9d75f,2016-02-27,True,4,True
27541033b97c076d,2009-12-05,True,2,False
275aca31f61ba28c,2015-05-23,True,4,True
275cafc9de131c83,2000-03-10,True,3,True
276c60b14b571dd4,2014-02-15,False,2,False
279566840aa55bf2,2016-11-19,True,5,True
27b164b0d1833df0,2017-10-07,False,3,True
27b388f0aab49780,2024-05-04,True,5,True
27d65e9d0fba61ea,2012-09-22,False,2,False
27fc9218a3653e3c,2004-08-21,True,4,True
2804ce8dadab5770,2021-03-13,False,3,True
2816ced060a21be3,2014-05-31,True,4,True
282fa667ff9c51ed,2007-06-23,True,5,True
2844b047183a1adb,2018-07-06,True,7,True
285ae0b4a68221f4,2019-08-31,False,4,True
288aaa8f82040e02,2008-06-21,False,1,False
28ba5f27e473420c,2010-11-13,False,1,False
28c55b4087a6f136,2016-01-17,False,3,True
28f3c2258a1d8874,2009-01-17,True,5,True
28f62d866c59c709,2010-05-29,False,4,True
2924886ee9c4c527,2007-05-26,True,5,True
2937cb502dda0808,2012-06-23,False,1,False
2961be02cfb0d2c1,2007-12-08,True,2,False
2975297f505e9447,2023-07-22,True,1,False
297a2b35444c245b,2021-09-18,False,3,True
29af297d9f1de0f8,2014-08-30,False,3,True
29f935654825331b,2005-04-09,False,1,False
2a4200ead401a9ce,2017-06-17,False,2,False
2a542ee8a8b83559,2002-09-27,True,4,True
2a8502954f49e682,2010-10-16,False,1,False
2aa49b3766a59bcd,2013-03-16,True,5,True
2ac4628c08ec5125,2017-12-09,False,5,True
2adb11835acd815b,2011-02-26,False,1,False
2af2f2e26c4c0402,2019-09-14,True,4,True
2b06b6ad5db63348,2007-06-23,False,1,False
2b074403b7c6cdb4,2014-11-08,True,5,True
2b4faacc16d66898,2012-02-25,False,2,False
2b68d9f125d07b42,2021-02-20,False,7,True
2b6d855c6e280fb1,2016-02-06,False,4,True
2b6fc1c02736833d,2021-01-20,True,4,True
2b93ebd9f5417ad2,2006-06-24,True,7,True
2be6596a9db33bf5,2006-10-10,True,8,True
2c010b26a3306969,2021-07-31,False,3,True
2c1170b825f58e57,2014-08-23,True,3,True
2c2caf2f2bab9df5,2017-08-05,True,3,True
2c483cf443f38ece,2021-08-28,False,5,True
2c5a0b8317f8f27a,2020-09-12,False,3,True
2c5f5749569eef66,2023-05-13,True,2,False
2c64c035485906aa,2013-02-23,True,2,False
2c6e81426dd7573c,2014-04-19,False,2,False
2c99576fefe53c7c,2011-05-28,True,5,True
2c9d00968f818270,2018-03-17,False,5,True
2cd428e9606856fd,2019-02-02,True,6,True
2d447cc91bdaa545,2016-10-01,False,4,True
2db0c114414d4f06,2017-12-01,False,1,False
2db7fa8db6bc9632,2008-12-13,True,4,True
2dc1bc1a02961656,2018-02-24,True,5,True
2de91c2244ad7e89,2015-07-12,False,3,True
2e19380f34871c6a,2017-06-25,True,5,True
2e25c1d983c26311,2012-12-15,True,4,True
2e585c701f72fe55,2018-11-17,True,5,True
2e5c2aa8e4ab9d82,2017-03-11,True,4,True
2e7878927067fdca,2022-05-14,True,3,True
2ebfbe72ed703925,2019-09-14,True,2,False
2eeaefbfc7f9fcff,2016-09-24,False,4,True
2f13e4020cea5b38,2011-03-19,False,4,True
2f1700b3a4a09bc7,2007-12-08,False,1,False
2f181c0467965b98,2019-10-18,True,6,True
2f1a257d6777096d,2018-09-22,False,1,False
2f3f12002564bb55,2008-08-09,False,3,True
2f43a3e82661fa99,2024-06-29,True,3,True
2f5cbecbbe18bac4,2015-04-04,False,4,True
2f6a993c7f547c13,2021-01-20,False,5,True
2f95a3c6d58b2aad,2011-08-27,True,6,True
2fc7e9701642ca38,2016-07-13,False,5,True
2fe9032955c2e013,2017-08-05,True,3,True
2fee10d5cf86bfca,2018-02-03,False,1,False
2ff2e6e5abea3e53,2015-06-27,False,1,False
3033c1c080672475,2021-04-17,False,2,False
303a05a7aa3ff761,2014-04-16,True,5,True
304a21d0595e1a08,2020-06-20,True,5,True
3058888c33149a53,2015-09-26,False,2,False
305d73ede05e31ad,2020-02-08,False,3,True
30a09e43f15f1d75,2009-02-21,True,6,True
30b577b112bef42d,2015-11-21,False,1,False
30ea504870f8597b,2016-07-08,True,3,True
31123249b0bbf52e,2008-06-21,True,6,True
3138fab619faf4d1,2009-02-21,False,1,False
3143bf892608139a,2018-03-03,False,4,True
318572f6f74b760d,2020-10-31,False,3,True
318e629d1eb7aa49,2007-12-08,False,1,False
31a13532e724ca2b,2015-04-11,True,5,True
31bb0772f21cabd8,2021-10-23,False,5,True
31bbd39c0a075d4e,2018-07-22,True,4,True
31ceaf0e670c1578,2001-09-28,False,3,True
31d7446b184e3305,2015-06-20,True,3,True
31dbfbe4e7a6727c,2023-04-29,True,2,False
31ee470ef5dc8d7f,2005-10-03,False,7,True
31ef8b67e13495b3,2014-12-12,True,4,True
31f8081c7600da93,2018-12-08,False,4,True
32016899d0a222a3,2004-01-31,True,1,False
320edfb0332b7073,2010-12-04,False,1,False
322a56923b396b4d,2009-06-20,False,6,True
3236bf606fe9fa5b,2010-06-19,True,5,True
323d4ca260dfa0ba,2023-03-04,False,5,True
32490e80ddab1e5a,2017-11-25,True,4,True
3253b16d38ae087d,2013-11-30,True,3,True
325ad0dd9126d3df,2019-04-13,False,3,True
326a001926ffb7ec,2021-12-04,False,3,True
327d5f279895110d,2020-07-18,True,5,True
329e403448756217,2018-06-01,True,4,True
32ab52e5de93092d,2023-06-10,True,6,True
32ba186f4b0e3267,2011-02-26,True,5,True
32be4b7f7de1c905,2012-08-11,True,5,True
32c03df3c9760069,2014-09-13,False,2,False
32c355b04fc57f3a,2016-10-08,True,6,True
33011768c3c4dc9a,2007-04-21,True,5,True
330bafba312face4,2017-05-28,False,2,False
330ec26453c44a59,2006-06-24,True,2,False
333b9e5c723ac873,2017-09-02,True,4,True
3351aa64aa83c4d9,2020-11-14,True,3,True
338a11d3674eb2d4,2010-12-04,False,1,False
33a331684283900f,2014-09-27,False,4,True
33b2f68ef95252e0,2011-02-05,True,4,True
33e00249ef08d3a4,2014-06-07,False,3,True
33efaf2d0941cfcf,2022-01-22,False,7,True
3410cf010558dc8b,2006-04-15,False,4,True
3414b50b08a10600,2011-01-01,False,1,False
34218661c44ed55d,2018-11-30,False,1,False
348dff4e03bd18c6,2018-09-15,False,1,False
349aaa3da11eb587,2003-09-26,True,5,True
34b96d52db1d26e6,2023-11-11,False,4,True
34c2b3656f88f7ef,2014-05-24,False,2,False
34e516ab361afb1c,2020-02-29,False,5,True
34e552520a934063,2012-12-14,False,3,True
34f88592c0ab7a54,2014-04-16,True,4,True
34ff304266360297,2021-01-20,True,5,True
351c4ec637380ad5,2019-08-31,True,3,True
353de740bb6c7e75,2009-08-29,True,3,True
35673bf5204524ee,2023-03-04,True,4,True
3591d0d5d382a381,2011-10-29,True,6,True
35dc6220b113b7ec,2008-04-02,False,1,False
35e1f9984ed64206,2019-03-23,False,2,False
35faad160d346839,2013-03-02,False,2,False
361d49960a196976,2012-01-20,True,6,True
36207c58e854cae5,2014-06-28,False,2,False
3623bd267a2eef2e,2012-12-14,False,4,True
36541f1e6c5d4955,2019-05-11,True,5,True
36549928f90f1d36,2014-11-15,False,3,True
365fee2da473b177,2007-06-12,True,6,True
369e1ce458ef50a6,2014-05-31,True,3,True
369ea36e450ae62a,2022-02-26,True,5,True
36a432f22144843e,2009-02-21,False,1,False
36b8f265bcd1b7a4,2022-09-03,True,4,True
36e78278a77006d4,2024-03-30,False,3,True
36fbaa49a09ff997,2013-11-06,False,2,False
37098a6e6c27fb66,2018-11-24,False,4,True
3738e68d2261e60f,2000-11-17,True,3,True
3753714927f18437,2023-10-21,False,3,True
3795fca327cbcf23,2008-05-24,False,2,False
37b1696e6d115957,2008-12-13,True,3,True
37c5366d18ed6c05,2018-11-30,True,7,True
37cc294027f55e4d,2020-08-29,False,1,False
37d5b176d438d2a5,2017-11-11,True,6,True
37d752ec41ed84bb,2021-10-23,False,4,True
37e03538c960bac6,2017-09-02,True,1,False
37ed1ab2f8b819f4,2019-10-05,True,4,True
37f560436d745c18,2022-02-19,False,5,True
388abbf8832b5adf,2006-12-13,False,1,False
38b50fd1e1b5b656,2008-12-10,False,2,False
38c5817ade8a8014,2023-07-01,False,4,True
38c626ca912c7bac,2016-04-10,False,3,True
38c7f72747f4f712,2017-12-01,True,6,True
38ed5a2299230227,2016-04-10,False,1,False
3920d0cc288f9b0d,2023-02-11,False,4,True
39330403ad27c2bb,2014-04-26,False,2,False
394f55ebca199124,2002-05-10,True,2,False
3956bdc8ab2e54b3,2018-07-06,True,2,False
3974fa35c917af1d,2011-06-26,True,4,True
399afbabc02376b5,2020-07-25,True,6,True
39cc64bf0a269db9,2014-05-31,True,3,True
39d91e95949de3d9,2019-05-18,True,4,True
3a12a2f096a6d975,2014-06-07,False,3,True
3a24769a4855040a,2011-01-01,True,5,True
3a314d9fa7c6825d,2014-02-15,False,2,False
3a46b268013afede,2018-08-04,False,6,True
3a524c6700addc24,2014-09-05,False,2,False
3a8176e15b9887c1,2011-03-03,True,5,True
3aa794cbe1e3484b,2014-11-22,False,2,False
3ae10ac4df3df05c,2009-08-08,True,3,True
3b0a516d2921e0d6,2019-08-31,False,3,True
3b9f723e2720a238,2013-04-20,False,3,True
3ba3b5cc94498437,2008-07-19,False,2,False
3bad7ef643840f67,2006-09-23,True,5,True
3bb2dc8e87b10a46,2018-07-22,False,3,True
3bbcd63a016d9715,2009-06-20,False,1,False
3be081c29bf734d9,2010-03-31,False,5,True
3c0437fbeda06962,2008-12-13,False,3,True
3c241737a6069b9f,2009-01-17,False,3,True
3c26c420584d912d,2023-04-29,False,2,False
3c48019bc387b80c,2007-12-08,False,1,False
3c5005b66696d790,2020-06-13,False,2,False
3c660c90d48fc80d,2013-07-06,True,4,True
3c6976f8182d9527,2009-11-14,True,5,True
3c8a5200436e19f3,2022-12-10,True,5,True
3c921b1a30fdcbdd,2012-12-15,False,3,True
3cf18e01cb6cbde3,2018-11-24,False,2,False
3cf66c62d9069f43,2017-03-18,False,5,True
3d074044a33825e7,2020-11-07,False,4,True
3d5b1ce6097dbb49,2016-02-21,False,3,True
3d6749c4267da18f,2014-07-26,True,6,True
3dc3022232b79c7a,2009-09-19,False,5,True
3dd92ff9fb0412b3,2013-09-04,True,4,True
3dd949593346dbc3,2018-05-27,False,2,False
3df5493bb279226f,2017-07-16,False,1,False
3e61082025db8137,2014-02-22,False,4,True
3e708ce33b6b18e6,2023-02-25,False,2,False
3e8118c1ab52f211,2024-05-18,False,4,True
3eb4dc9a7d4ac906,2022-02-26,False,3,True
3ec1e4ba98c9c85a,2016-07-23,False,2,False
3ecd936bd8814108,2013-04-13,True,3,True
3f11b5d4bd76a6d9,2016-02-06,False,3,True
3f11fd1751fa83b1,2023-02-04,False,2,False
3f1d23b01c552a13,2015-07-12,True,3,True
3f4c3bc822bea45d,2022-09-10,False,1,False
3f52ce18fb98008f,2012-09-29,True,4,True
3f56b99447f00607,2015-01-24,False,2,False
3f7c14c7eca7195d,2009-12-05,True,5,True
3f7dab21b6c971bc,2019-06-29,False,4,True
3fa7688bfe48a493,2019-07-27,False,1,False
3fa97913cfd205d3,2022-12-17,False,4,True
40093d1d2d78394e,2014-10-04,False,4,True
40a456a25d52ee65,2023-05-06,False,3,True
40a604761ca7d64d,2001-06-29,False,4,True
40cb680ae1cd331f,2022-08-13,True,4,True
40d8b74488743800,2020-08-22,False,2,False
40f3cb27fc7305a1,2023-02-18,False,6,True
40ff198adda94b9f,2014-03-01,True,3,True
4100c7a09497ad41,2020-06-27,True,4,True
411539901068522f,2017-10-21,False,4,True
411d012af19ecb59,2013-04-06,False,1,False
4123fd4dcc1fe937,2004-08-21,True,3,True
4126a78111c0855a,2022-04-16,True,5,True
4130a743d9d22163,2006-08-26,False,6,True
4144798612ef96e5,2018-11-30,True,5,True
4148802ae4a50768,2022-09-17,False,5,True
41498c2d1a87b154,2021-10-23,False,1,False
41cc71cbf210e0fe,2024-02-10,True,5,True
41e83a89929d1327,2022-02-05,True,6,True
41f90012b86a11bf,2019-08-10,False,3,True
42078a86d3dd037b,2008-02-02,False,2,False
4234f0097c83fa62,2018-06-01,True,5,True
427b5953ac8e3a27,2007-10-20,True,6,True
42a7e90605df3c8a,2015-04-11,False,3,True
42ac4020cba261ad,2023-09-02,False,4,True
4304992c2acc187b,2011-10-29,True,4,True
4333a8e70a672eb7,2022-08-06,False,2,False
43563a32c3f10e95,2010-05-29,True,5,True
43612456979e5d5e,2006-12-13,False,1,False
436f970c9ea9169c,2014-11-15,True,4,True
43a59ce3bb40449e,2019-08-31,True,2,False
4417980b3e798abf,2011-03-03,False,3,True
441eacbe20e0e80b,2018-09-22,True,5,True
442c9011034ae1fd,2021-11-06,True,6,True
443f60bec7c3c3d5,2016-09-10,False,2,False
44470bfd9483c7ad,2014-01-04,True,5,True
445a98acb8985970,2003-06-06,True,2,False
4461d7e47375a895,2022-05-14,True,5,True
447f9858ae78f921,2017-11-25,False,4,True
4498b382c65a7faa,2013-11-30,False,1,False
449c890bd90f3374,2016-07-30,False,4,True
44aa652b181bcf68,2000-06-09,False,1,False
44bc27bfa76dcd9e,2012-10-13,False,4,True
45230be0641f3f53,2014-11-15,False,2,False
459e4dc69ec669b2,2016-08-06,False,2,False
45bc8f98d62bd096,2007-06-12,False,2,False
45f0cc9d18f35137,2018-11-30,False,5,True
45f7cb591c3ab00b,2019-10-18,True,4,True
4638cc6479cc0afe,2015-02-28,True,3,True
4665cbf36b08193b,2016-08-20,False,2,False
4665f9f909cd7214,2014-08-23,False,2,False
4682bc59d5f55145,2019-10-18,True,3,True
4690d47bf725fd98,2017-09-22,True,2,False
46a2f24feb258ae0,2014-06-14,True,4,True
46baf0f57edfa4df,2010-02-06,True,7,True
46d0a888d87d91ac,2018-07-22,True,1,False
46e0d677f91bacc0,2019-09-14,True,4,True
46e2011d92463b7e,2024-05-18,True,5,True
46e2ca71fd5089cb,2008-07-19,False,2,False
46fd223e3ced39b3,2013-04-06,False,2,False
470fedbc8563ac47,2013-09-21,True,4,True
4729c93ba705a3bf,2023-09-09,False,3,True
472f6f6e6d962f40,2017-12-01,False,2,False
473ce3aa581251a2,2008-10-18,True,6,True
476414d2f18cd059,2007-06-23,False,1,False
476fe566d2df676e,2020-07-15,True,4,True
4798e823ada58fe9,2016-09-03,False,2,False
47b63240018d5d86,2014-12-12,False,5,True
47b9e0e7703a4868,2013-04-20,True,7,True
47cd337b86b1af92,2016-10-01,True,6,True
480b702debcb5433,2009-01-31,True,2,False
4834ff149dc9542a,2011-02-05,False,3,True
483a953b18d73bb3,2019-06-22,True,4,True
484acc7b0f856ce9,2007-12-08,True,5,True
48812daf291a4e23,2023-01-14,False,3,True
48a9a128784d53d1,2023-02-11,True,5,True
48d1f690b763934c,2005-10-07,False,3,True
48e093ea1f43a053,2011-03-03,True,6,True
48e96d9cea6d4ab0,2011-12-03,False,2,False
4908c5ee68a50ee5,2005-11-05,False,3,True
492b202d2064e7a9,2007-04-21,False,4,True
4948e412fa6ab67d,2023-10-14,False,1,False
494b0bfdbac74502,2014-08-23,False,3,True
4959f10a62f3fec3,2021-03-20,False,4,True
497ba5b12a4bfc47,2008-09-17,True,5,True
49858bf46dabf6fb,2014-04-16,True,5,True
49a74b9fb2e45fdf,2014-03-08,False,5,True
49b130de1da2e1bf,2020-09-19,False,2,False
49d2a08964c5eb11,2023-07-01,True,5,True
49e49b54e5901d0d,2013-06-08,False,1,False
49e96ff8ab781589,2016-11-26,True,5,True
49edd0d90f60fb7d,2024-02-17,False,6,True
49ee5024966efc0d,2020-07-15,True,3,True
49efbdc6c9f650c4,2006-03-04,False,1,False
49f4b511932f71e9,2014-05-24,False,3,True
49f78022126bf4a4,2015-11-21,False,2,False
4a043165cf47cab2,2021-05-22,False,2,False
4a1329cc8eb0928a,2012-04-21,False,4,True
4a28cb716c19157a,2012-02-04,True,4,True
4a57ebb14315b251,2014-12-12,False,5,True
4aa58269d0664b5b,2020-08-22,True,6,True
4ac1ecf8ce59ef23,2014-06-14,True,3,True
4ae4049426e0161d,2014-07-06,False,2,False
4b1d46a1b5c0fd11,2014-08-23,True,3,True
4b4753d19489297f,2006-07-08,False,2,False
4b47e71384a9522f,2012-02-15,True,4,True
4b4fc3ddc307bc73,2002-07-13,False,1,False
4b8fb0453a596b8e,2014-11-15,True,3,True
4b93a88f3b1de35b,2021-01-23,True,5,True
4ba8d454f762005d,2013-08-28,True,4,True
4bcb6eb12b4ad4aa,2014-05-31,False,5,True
4bd6b4800070b069,2014-04-19,False,6,True
4bdedbdeedff7d1d,2024-02-10,True,4,True
4bf6b225ff6099c4,2019-07-20,False,2,False
4c288a2b250bb576,2017-06-10,True,3,True
4c2d90e335e6df19,2013-06-15,True,5,True
4c7781da8c6cae93,2013-04-06,True,5,True
4c88a1db5a46c6a4,2020-07-25,False,5,True
4c8d6fde2dde07c4,2006-10-14,False,1,False
4cd8b03aee1d0138,2017-11-18,False,3,True
4d44f37107f01b9b,2008-12-13,True,5,True
4d5197f331c47290,2014-11-22,True,5,True
4d74641fac830182,2000-03-10,False,2,False
4d8fa64202cee4c1,2018-10-06,False,5,True
4dcfb28c011c11b2,2019-07-13,False,4,True
4e06913c91da5200,2013-12-06,True,4,True
4e0692ad070976e4,2015-07-15,True,1,False
4e30e4250cb08b61,2019-10-26,True,4,True
4e6738062d469256,2023-03-11,False,5,True
4e9fb05d7e5e61b8,2002-09-27,False,4,True
4f11e9ce318ffbcb,2015-01-24,False,2,False
4f140403000158b5,2020-01-25,True,3,True
4f2fcbefb668689d,2009-02-07,False,3,True
4f3064faf17aa711,2022-11-05,True,4,True
4f4dac51adc1af4f,2007-02-03,False,3,True
4f732e58ed907eff,2009-06-20,True,5,True
4f736494fc733095,2010-11-13,True,3,True
4f853e98886283cf,2012-01-14,True,3,True
4f95f74620a6b7a4,2006-08-26,True,5,True
4fcf6e0c4e0e6664,2015-04-11,False,1,False
501b07aec9b8fc2d,2006-03-04,True,4,True
5078e1dacf9d25f4,2023-08-12,True,5,True
5095b0920a3602aa,2023-02-11,True,3,True
50a28b9f8314e008,2021-08-21,True,3,True
50cc91ce2982785d,2001-06-29,True,6,True
50d2f0018bcf9eef,2006-08-17,False,1,False
50db8711c70196cd,2013-04-27,True,7,True
51018a31ddf31eb2,2018-05-27,False,4,True
5114f1b5ad4cdf72,2008-12-13,False,1,False
511e82663651438d,2010-12-04,False,6,True
513c6f1715e547a8,2008-02-02,False,4,True
5140122c3eecd307,2017-09-22,True,3,True
519e4fe37ce9ff75,2013-11-30,False,5,True
51a0c09cbe9b8472,2013-02-23,False,4,True
51b0bb73a1da34bc,2009-02-21,True,2,False
51b1e2fd9872005b,2011-03-26,True,3,True
51c655162e462ceb,2023-02-11,False,3,True
51e86de150ee8be6,2016-02-27,False,5,True
523af801b3429015,2018-07-06,False,1,False
523f6ad11dbe9b53,2014-03-23,True,3,True
523fa774700d7d3f,2010-06-19,True,4,True
528b071cf3da7c56,2019-05-11,True,3,True
528c24b99fbaab79,2011-08-27,False,2,False
52ba464d9068d871,2013-09-04,True,5,True
52c2ae6d2f2d2613,2020-02-08,True,6,True
52cae54377b433b7,2005-04-09,True,4,True
52e76bb4b3e852f3,2014-05-31,True,5,True
52ef95b5860fb28c,2024-01-13,True,6,True
53278852bcd91e11,2009-09-19,False,5,True
5330fe7e4c3af81c,2007-06-23,False,1,False
5331b25a60417ffb,2014-02-01,False,5,True
539ed332b3078821,2014-07-06,True,2,False
53bb0d40905b87c0,2009-09-16,False,2,False
53c10176e3bc7416,2024-01-13,False,3,True
53c943c873cffe90,2020-05-13,False,3,True
53ec9cb470e1a4ea,2012-11-10,True,4,True
53f84637dfffab7a,2012-01-28,False,2,False
5431dccc09118234,2011-09-17,True,3,True
5442f1bc4b47eaf3,2021-11-06,True,7,True
5444c5a201d3ee5a,2020-01-25,True,5,True
54578e5927adea53,2013-12-06,False,4,True
546015aa2ad945fd,2006-06-24,True,4,True
546f8599a63c29da,2017-08-05,False,3,True
547afe1017e72dbe,2020-10-24,True,5,True
54ed8dc6f8c31207,2013-04-13,False,1,False
54f64b5e283b0ce7,2020-10-10,True,4,True
5580771f383e141f,2013-09-21,False,3,True
55a7b2d4e54ffac9,2007-11-17,False,4,True
55ed59d541f8b90c,2017-06-17,False,4,True
55ee431411ccf07a,2014-04-16,False,5,True
55f446032177b119,2014-04-26,True,4,True
55f80a8aeffcdb33,2011-12-03,False,6,True
55fa6ce3e522c8bb,2020-07-11,False,5,True
56116a79e4deed06,2010-06-12,True,4,True
564c2f5f9eb45d67,2014-07-19,False,1,False
5669b828e7e11329,2008-12-13,False,2,False
56709e66f1c6008f,2019-05-04,True,3,True
568bbad0eaced57c,2020-02-15,False,2,False
56b8b24f65f9f057,2004-04-02,True,3,True
56bc9ccb609df534,2011-06-04,False,1,False
56c9acc4e86046a2,2014-10-04,True,4,True
56f7d7ee06be4aab,2022-08-06,False,4,True
56fcb2c4d99f9d1b,2019-03-16,True,2,False
5713c1d2fac539ac,2016-04-23,False,2,False
57186c150c645200,2023-02-04,False,3,True
5731cc327790b731,2009-02-07,True,3,True
575360be653ad6a6,2014-04-19,False,2,False
5755960ebd0b16f6,2004-06-19,False,1,False
57887765f831e228,2014-06-28,False,2,False
578ef12674df1e6a,2016-12-17,False,4,True
579fcdfcabd23a7b,2009-04-18,False,6,True
57ab4d7c0bc09a30,2013-12-14,True,5,True
57b10fca4f9c9a7a,2015-03-21,False,9,True
57bad6a84230f0c9,2015-06-27,True,3,True
57bf89d42364d39e,2012-02-25,True,3,True
5823ceab56741617,2016-06-18,False,2,False
583ee11abddfc581,2020-01-25,False,4,True
5866fc86183a9fb8,2011-08-27,True,5,True
58bbef3770bb2dfc,2019-02-23,False,4,True
58bc81376286b3d3,2008-01-19,False,3,True
5904b0b38dc6718d,2015-02-14,False,4,True
59279a7c978f7da0,2012-06-01,False,5,True
59583ff832fe9d68,2008-12-13,True,7,True
595db60957de51d3,2019-05-18,True,5,True
597499ac7a5aac62,2024-03-02,False,1,False
5987b2458f4b5290,2018-04-21,True,5,True
59a27d2e6d0802ac,2020-06-20,False,1,False
59aaf2730b84698a,2009-04-01,False,1,False
59c438c81fbf3ece,2022-11-19,False,2,False
5a558ba1ff5e9121,2009-12-05,False,1,False
5a6e4d2f0c76a242,2012-12-14,False,1,False
5abf827d62f98fee,2011-10-29,True,3,True
5aedf14771ca82d2,2013-09-21,True,5,True
5b03b61f9d90125e,2023-09-02,True,5,True
5b2325cd70dbe2ea,2017-09-02,False,4,True
5b2d7906aa894274,2008-09-17,True,3,True
5b407acfe0ef9b76,2009-06-20,True,5,True
5b5307450405abf0,2009-06-13,False,7,True
5b5b9c6f6f270369,2006-08-17,False,1,False
5b86d491d63890c5,2020-09-26,True,5,True
5b8ba8f5512893b1,2018-08-04,False,3,True
5bb0a618ad03ac64,2004-06-19,False,2,False
5bd533d50c8e7b8a,2002-07-13,False,1,False
5be86bb2f78fef2f,2006-03-04,True,6,True
5bf31a46becc1204,2018-07-06,True,3,True
5c10da56d712ac9c,2023-02-18,False,1,False
5c126c6aac3ef364,2017-10-07,True,4,True
5c1ca0c72b599a3c,2013-06-08,False,3,True
5c2ce761399dc9c5,2014-10-04,False,2,False
5c637af9472ae7cc,2023-04-29,True,4,True
5cafbc97dba2e797,2013-04-13,True,3,True
5cdf5339728f580d,2023-09-09,False,4,True
5d1b7e3dd9e11074,2021-02-06,False,5,True
5d495dec23d7c68e,2022-12-03,True,4,True
5d7bdab5e03e3216,2008-06-21,False,6,True
5d7c18191b8aa432,2002-06-22,False,1,False
5da33b8fbfa5ee95,2020-09-26,True,6,True
5dd180c8b3196786,2021-03-13,False,4,True
5df17b3620145578,2011-05-28,False,3,True
5dfe71ade71f3a4b,2013-06-15,False,2,False
5e4eec08896c9423,2014-07-06,True,7,True
5e6294b37bbef029,2020-10-10,False,5,True
5e84a859c6a82288,2017-06-25,False,2,False
5ea918ea81b7dee2,2014-08-23,False,3,True
5eb50529a8418b77,2020-05-30,False,3,True
5ec591b78349ba7e,2022-02-19,False,4,True
5eedbf1e9601be35,2005-10-03,False,2,False
5ef0088c1b19beeb,2011-12-03,True,4,True
5ef94841c4bc3f86,2023-07-08,False,5,True
5f04e3d58d9ce982,2001-09-28,False,5,True
5f179af5fffeb9f6,2015-07-18,False,6,True
5f2f0da6fd6a84fd,2002-01-11,True,2,False
5f3805dda9661cba,2020-06-27,False,5,True
5f3da9a9610d8969,2020-10-03,False,2,False
5f6038bcdb95e3e4,2007-12-08,False,1,False
5f61780fe5e9b6d0,2021-08-28,True,5,True
5f6f049d54728e88,2018-09-22,True,6,True
5f87a5c00b3d17ed,2007-04-21,False,5,True
5f99b2bafb10305f,2012-06-01,True,7,True
5fa2974cbd18e05c,2020-07-25,False,3,True
5fceb45939fc0c8a,2013-11-30,True,4,True
60029bcf496bd707,2007-12-29,False,1,False
60193e707634e560,2023-09-23,True,3,True
601964f9654f911a,2020-01-25,False,5,True
60425d07ef4b91a7,2020-02-29,True,5,True
6085ceb59087514b,2009-09-19,False,2,False
60884f31ead1609c,2004-04-02,True,1,False
60a42bf82447c919,2022-05-14,False,5,True
60ba33c3f555a7a3,2011-01-01,False,3,True
60c72f7459827881,2010-03-21,False,2,False
61fb8098ccf81c7f,2019-11-16,False,3,True
6224e8d0a34264eb,2011-06-26,False,2,False
622f015c81a9b13a,2004-10-22,True,3,True
6256b2b1562cb8e1,2013-08-17,True,4,True
62918a2118de08b2,2006-03-04,True,1,False
62f7097c04311193,2020-07-25,False,3,True
633a45d131192ffe,2014-06-14,False,3,True
634bb0de2eb043b4,2016-05-14,True,5,True
634e2fb70bde3fd5,2015-02-28,True,6,True
6370c1c1e12723d5,2018-02-24,False,2,False
637bd06c32219f0b,2019-12-07,False,2,False
638cfec7ec559d6e,2013-08-28,True,4,True
63def5a5662a6917,2008-10-25,True,6,True
63eedfcc73071d41,2000-03-10,True,2,False
64360e618823a8e4,2008-12-13,False,3,True
6448e57a9533b7e4,2015-12-11,False,1,False
64788ee44b062ded,2014-06-14,True,3,True
64959f90b6dd9759,2012-06-22,False,2,False
64a50dad704d1d49,2010-11-20,True,5,True
64d47ef881a437a4,2024-04-06,True,5,True
64facb6cc564262d,2019-12-14,True,3,True
6506c1d34da9c013,2004-01-31,True,6,True
6546af7ab545b90c,2011-11-12,True,3,True
654ae722109a0d31,2015-03-14,True,4,True
6551c64fbcd1a467,2019-01-19,False,5,True
65578a75fa7900e3,2013-04-13,False,5,True
658c3465581ae46b,2008-12-27,True,4,True
65adf3856c4d9256,2023-03-18,False,3,True
65cdf4ec31143d86,2023-03-25,False,3,True
65db4065e2bc107d,2023-07-29,False,3,True
65ddc8a9ac4e8531,2006-12-13,False,3,True
65f09bacd3957381,2018-01-27,True,5,True
663b76da637402c3,2006-12-13,False,2,False
668222c99c5c311d,2011-11-12,False,1,False
669970f7feba8ecd,2021-09-18,True,6,True
66ab58d0b3783607,2015-07-25,True,4,True
66e98b3bb5fc5250,2018-04-14,False,3,True
673ea7dcc786b1b3,2013-12-06,True,4,True
6747ccd6d1acd266,2023-12-16,True,5,True
6751eacd16bd59bc,2020-02-22,False,3,True
6776260cb0aef647,2006-12-13,True,1,False
679a9054e2815943,2007-09-08,False,3,True
67a992d4cff22466,2015-05-30,False,2,False
67c1d46f4ed16f9e,2016-12-03,False,4,True
67f272324a030d00,2015-08-23,True,5,True
6803d4d6908354ac,2008-04-19,False,2,False
6809c31286b08d97,2012-09-29,False,5,True
681399317dbf4701,2021-03-06,True,3,True
683ea28a198936fe,2018-07-06,False,1,False
684d3aee255a3d09,2022-04-16,False,2,False
687c15b2eddfaa63,2020-09-26,True,4,True
6888e31ce88f5b17,2006-03-04,False,1,False
68b8ebdfce9dbb61,2024-03-16,False,2,False
68c11c27d4d56572,2015-07-25,False,5,True
68c6cd5287b473a7,2006-05-27,True,4,True
68c7ad953455c73f,2018-10-27,True,2,False
68d35296f566792b,2021-08-21,True,3,True
68d4a891e5cf2029,2019-11-16,True,3,True
68d76fd9ecf7431d,2007-06-12,False,2,False
68dd7b3783c19f9c,2008-05-24,True,4,True
68f6e96c5fa6e044,2016-08-27,True,4,True
69037fc7730e4225,2024-03-23,False,2,False
6905d45bd71b50a9,2015-05-23,False,2,False
696002b59f09d73b,2011-10-01,False,2,False
69888118d968ba52,2022-10-29,False,1,False
69898645d600abdb,2023-12-02,True,4,True
69a400af4420cd6a,2014-07-26,False,2,False
69b69c0178c4004d,2006-11-18,True,5,True
69e8c632135af48b,2014-03-01,True,2,False
69f01b25dfabaf6b,2017-09-02,False,3,True
6a11e325aa60ad02,2019-03-09,False,4,True
6a1901c62ab3870f,2013-07-27,False,6,True
6a2f7c151031653d,2008-11-15,False,6,True
6a740daf1b279661,2018-11-10,True,4,True
6a8928652fc01bee,2021-09-18,False,2,False
6a92caba39b64752,2005-08-20,False,4,True
6a96ad1bc34fb113,2019-02-23,True,4,True
6aa1cbc1466e9a0b,2005-10-07,True,4,True
6aae253467e8f9ce,2020-12-19,True,5,True
6ac9bc2953c47345,2016-12-09,True,5,True
6ad8e4296f7522d9,2024-03-23,False,1,False
6ad9058b7c7898b0,2001-05-04,True,3,True
6b453bc35a823c3f,2022-01-22,True,6,True
6b56e94a59b7b134,2024-02-17,True,5,True
6b5b9be990774f0e,2011-02-26,False,1,False
6b7bc7eaf2465387,2008-10-18,False,1,False
6b7c7460855dbbb9,2021-10-30,True,4,True
6bb1d2b714d4b3bc,2001-05-04,False,1,False
6bd02119599741a4,2014-02-22,False,4,True
6bf5a7d3e081ade2,2011-03-19,False,5,True
6c011be66326ad97,2015-11-07,False,1,False
6c2030e0a143a94b,2010-06-19,True,5,True
6c3b2525436cf5d4,2024-01-13,False,5,True
6c7020b859c7a3ce,2013-09-04,True,3,True
6c7e25571490aa3b,2014-01-25,True,4,True
6c8072b61c276e67,2017-11-18,True,4,True
6c9b66b43663f2f7,2023-07-15,True,4,True
6cadfd8f1d9e7685,2011-11-05,True,4,True
6d1bffff14897645,2013-11-09,False,4,True
6d35bf94f7d30241,2020-07-18,True,2,False
6d38e41efa47a72d,2024-08-03,False,2,False
6d48a2df51749d91,2024-06-22,False,4,True
6d4b63c767106d3a,2015-07-12,False,6,True
6d68c1afe954f121,2020-01-18,False,4,True
6d7886b094b471ac,2005-10-07,False,1,False
6da99156486ed6c2,2005-11-05,True,7,True
6dd758d34da8d254,2015-01-18,False,3,True
6ded9184b2284645,2014-12-13,False,4,True
6e00cfffd54653c4,2019-09-21,False,5,True
6e0273f9478be71e,2011-02-05,False,2,False
6e0e977beb909837,2019-06-01,False,1,False
6e15f63b6c2e2c15,2020-05-30,True,6,True
6e344b71421103da,2024-06-22,True,2,False
6e743a33d56bdaa4,2023-11-18,True,5,True
6e7506127408aa9e,2017-11-18,True,3,True
6e7c758f5cdec01a,2014-07-19,True,5,True
6e8f1bcdda94ff45,2024-03-30,True,5,True
6e92eb1242b46636,2015-06-27,False,2,False
6e9f40c706f91f32,2020-08-01,True,4,True
6eaec40f724852f4,2016-09-03,True,2,False
6ef58dabef8beb15,2006-06-24,False,3,True
6ef65b6a152e49d5,2011-11-05,True,5,True
6f018c039b4d5d80,2005-10-03,True,7,True
6f242453c91a5af0,2011-12-03,False,6,True
6f7c616b98e18c29,2014-03-08,True,2,False
6f81b6de2557739a,2009-11-21,False,6,True
6fb1ba67bef41b37,2009-09-19,True,7,True
6fc506e1099afe20,2023-01-21,False,2,False
6fd953151d981979,2016-12-09,False,4,True
700a674c042b7a96,2014-02-22,False,4,True
7026eca45f65377b,2017-06-25,True,4,True
706f8e2b34e8e18b,2012-02-15,False,3,True
70d2329a92864fdb,2019-03-30,False,5,True
70e1f8a821b72c8b,2018-12-01,True,5,True
70fa1c64a2c439ef,2019-04-20,False,2,False
71002dbc1743b9a7,2011-08-27,False,4,True
710d93f1508f7104,2007-06-16,False,1,False
710f0f8c5d5c9d41,2022-06-04,True,3,True
71171fc96445bf65,2023-03-11,True,6,True
712c4db78b9373d1,2006-07-08,False,1,False
7138a15258dabf20,2023-04-15,False,5,True
714e1e0681ddb703,2019-05-18,False,2,False
71505842fb6455c3,2020-11-21,False,5,True
7195e2a932686f82,2017-07-07,False,1,False
71df36d6d8cf0d74,2014-01-04,True,4,True
71f048adbfed5b49,2016-08-20,False,3,True
7215953cd5c6254d,2006-06-24,False,2,False
725a834930c2b5bf,2007-12-08,True,2,False
725b1abc9a39d873,2022-03-12,False,4,True
7279654c7674cd24,2019-02-23,False,4,True
729d4bd5a6cd0a97,2014-08-16,False,4,True
72c4b253d2f5ebf2,2014-10-04,False,3,True
72db2a14ffa73ece,2020-10-17,False,5,True
72e5e5a6edfa8223,2019-02-09,False,2,False
72ea1984c52019b5,2022-01-22,False,2,False
72ffecf712673af1,2016-05-29,True,3,True
7339d340aa2889cb,2010-06-19,True,5,True
7342fcc41a4817fa,2005-11-19,False,2,False
73c7cfa551289285,2001-05-04,True,7,True
73e09f837f3b5ecc,2009-11-21,True,4,True
73ef22f25d0f70e2,2003-04-25,False,1,False
7413b80dbb0f8f9f,2013-01-19,False,5,True
7447e9f28508106a,2018-03-03,True,3,True
744e098e065cfdbe,2010-07-03,True,3,True
7450525c7ba032a0,2007-01-25,False,5,True
745fa7b605f8e2da,2024-07-13,False,4,True
749f572d1d3161fb,2016-07-08,False,6,True
74d35fbc9c6a61bd,2015-11-21,True,3,True
74f9448b97bf8bec,2019-08-31,True,4,True
751de04455cfaac0,2017-07-29,True,5,True
75353550928a7921,2022-03-19,True,6,True
7559395ad833c074,2019-08-03,True,3,True
75a6a390fd5dca46,2014-07-26,False,4,True
75afb06215a07341,2016-07-23,False,2,False
75bbd2206a15319f,2003-09-26,False,1,False
75e0d3cc2262b732,2011-03-03,True,6,True
75e5fec9f72910ef,2006-11-18,False,6,True
75f871836d41f90f,2007-04-05,True,3,True
760a55d5b6098cbe,2022-05-14,False,2,False
764342d39cdaa54a,2017-06-17,False,5,True
7649c4c95b824488,2008-11-15,False,1,False
764d39074a352e33,2024-02-03,False,5,True
76729a829623e266,2012-02-04,False,3,True
767755fd74662dbf,2020-07-15,True,5,True
7691a80e6ca3e55b,2009-12-05,True,5,True
76984112f697631f,2014-04-16,False,4,True
76e2870ffafbe38f,2019-04-20,True,4,True
76ee3d666c648f6b,2018-03-17,True,3,True
771b60ff889661c8,2010-11-13,False,1,False
77350fd0e6d1dba8,2014-12-12,False,2,False
773f7feacf96153e,2017-12-09,True,3,True
776a58a67665a171,2018-07-22,True,4,True
776d4262c4da38bf,2022-01-22,False,2,False
7772b283d288dbe2,2020-10-17,True,2,False
777dea713da2441d,2014-08-23,False,3,True
77d7295d1b22c694,2016-04-10,False,4,True
78114b7199cef90c,2011-03-19,True,5,True
7826923b47f8d72a,2021-09-04,True,4,True
782a2a17d3e38fdf,2005-10-07,False,1,False
7832f2f62f04178f,2021-05-15,True,3,True
784285b7ae7dd85f,2015-04-25,False,5,True
787bb1f087ccff8a,2019-08-10,True,7,True
78863e4a28204a6b,2018-11-30,False,1,False
78a68f1dade6aaf7,2021-03-27,False,3,True
78d48d3874dacafd,2017-09-16,False,1,False
78e501478a36a018,2019-08-17,True,4,True
78f485f851891d68,2019-06-29,False,3,True
791c8437b341fba5,2022-01-15,False,5,True
792be9a24df82ed6,2016-10-01,True,5,True
79325a3c1a5c3bf4,2020-07-15,False,4,True
79899ecf62020f6d,2005-11-05,True,6,True
798e48f9e7f6ba22,2022-02-26,True,4,True
79cb2a690b9ba5e8,2020-06-13,False,4,True
7a15f3694c5cbc02,2000-06-09,False,1,False
7a39bbac8cc0fa70,2014-02-01,False,4,True
7a47e068f8017019,2023-07-08,False,2,False
7a5e8c94a86f9895,2021-05-22,False,4,True
7a613f78dd7ee8f8,2012-02-15,False,2,False
7a703c565ccaa18f,2013-05-18,True,5,True
7aa3d6964eff4877,2011-03-26,False,7,True
7aa88401f93ce836,2002-01-11,False,2,False
7ab478c397cd68ef,2022-03-26,True,2,False
7acbb0972e75281a,2016-08-20,True,5,True
7af33fc4435017f1,2021-08-28,False,3,True
7b143a54451263d9,2010-10-16,True,4,True
7b310409440c9102,2014-03-01,True,4,True
7b3503352cd53abb,2023-07-01,False,3,True
7b39035fae7268b8,2014-07-06,False,2,False
7b433309b0fd12aa,2018-07-06,True,4,True
7b6e40a73b567072,2000-03-10,True,4,True
7b9aa973e5c04624,2003-06-06,False,1,False
7bc475b0fc2020ab,2011-08-27,False,2,False
7bc96507e4b38d3b,2012-12-14,True,4,True
7bd94b60d7521e4a,2011-12-03,True,5,True
7bde387d50829adf,2019-08-10,True,3,True
7be14eaed4c74856,2017-06-03,True,6,True
7be63795363029e8,2010-12-04,True,5,True
7be74a12d7352df2,2013-04-27,True,4,True
7c0847d3854a95f2,2007-01-25,False,2,False
7c35f869033901ae,2011-02-26,False,4,True
7c3c48cf54a2848e,2014-08-23,True,4,True
7c6e87729e824ef4,2013-01-19,True,5,True
7c7332319c14094c,2014-11-15,False,3,True
7c9c6a884be167fe,2018-09-15,False,2,False
7c9f96f9a6a5cd50,2020-02-15,True,3,True
7cbf7c78d3b34218,2017-01-15,True,5,True
7cdd3e5d3aa9cb39,2013-10-09,True,3,True
7d09200f6a77b20e,2012-12-14,False,2,False
7d21de9c6d7c98b2,2003-02-28,False,1,False
7d3caf0f96f1b33d,2005-11-19,True,2,False
7d420039bbfe7c1a,2021-04-24,False,4,True
7dcf06c1967801c1,2013-11-09,True,5,True
7dda2cf308f24a02,2019-04-27,False,4,True
7debc13b36343605,2022-09-03,True,3,True
7dfb56f24fe5ddea,2017-01-28,False,3,True
7e208569469c8bc8,2014-05-10,False,3,True
7e47047d0971d566,2013-01-19,False,5,True
7e511f8d842a109d,2017-09-09,True,4,True
7e69a4b0961aa555,2008-07-19,True,5,True
7ea1f74cef32f906,2014-02-01,True,4,True
7ea4a9f07df33a45,2011-06-04,False,4,True
7ee0fd831c0fe7c3,2024-02-10,True,7,True
7f0b4a75ef3039a3,2006-09-23,True,5,True
7f0f171414d0a287,2019-04-13,False,3,True
7f1bf0c255ec8756,2023-07-15,True,3,True
7f9f528cb72a6ed1,2002-11-22,False,1,False
7ff97850e8c32bda,2012-05-26,True,6,True
803bebcfb6d6f506,2018-12-01,False,1,False
80779d7441af1b52,2010-08-07,False,4,True
809bd1a871491508,2021-06-12,True,5,True
80c0bed43da0e27b,2008-10-18,False,1,False
80d8aed0ca9b00f3,2017-12-01,True,4,True
80d918336163b80c,2014-01-04,True,4,True
80daefbed11ce998,2014-11-15,True,5,True
80dbeb1dd5b53e64,2010-12-04,False,5,True
80eacd4da0617c57,2011-03-19,True,5,True
80fa8218c99f9c58,2013-08-03,True,4,True
813550bc53b15fb0,2013-04-27,False,5,True
814e5233e2acf2ee,2022-07-23,False,9,True
814ff3018127e8fc,2016-09-17,False,5,True
8163cd7de0342652,2015-11-21,True,3,True
817e0bdf08efce2e,2001-02-23,True,4,True
81801f57bd0a7c41,2011-12-03,True,4,True
81b8b3fb019dc69d,2014-12-20,False,2,False
81d9df19e255b8b6,2017-07-29,True,4,True
821cd80aab70d5f9,2006-11-18,False,1,False
82529ce93cd9a2cf,2022-09-10,False,4,True
826475cc758e60e6,2017-09-02,False,2,False
8270c00fae24c922,2015-08-01,False,2,False
82a5152216251682,2018-01-20,False,5,True
82b4e942781b1046,2019-02-09,False,4,True
82cbb809d5ee565c,2017-10-07,True,4,True
82d4c957649faf9b,2019-10-12,True,4,True
82e7929bf6c2b689,2005-04-09,True,7,True
830f60497fab345a,2020-12-19,False,6,True
83455a9d17f57dae,2023-11-18,True,3,True
8349d55cdecd393a,2012-05-26,False,5,True
8355922d564b152c,2007-06-23,True,7,True
837d30395faca41e,2013-04-27,False,2,False
83825fad27ab3581,2016-08-06,False,2,False
83a477a7dba1ca58,2011-06-04,True,3,True
83b00f7597e5ac83,2018-12-15,True,4,True
83c6c3e0f8bde8ee,2006-08-26,False,1,False
83d0de122f2f9664,2008-09-06,False,2,False
83fd97284f4bb4a4,2008-12-13,True,5,True
840d2c82ea68b9aa,2015-05-09,True,4,True
84512339473dd300,2022-12-10,False,1,False
849c5d9979df5357,2023-01-14,True,5,True
84a067c46306a737,2005-04-09,True,5,True
84ac950d4c1722dd,2003-04-25,True,1,False
84b3e7d38f2d2ec5,2013-02-23,True,9,True
84f727cf0166d6f2,2023-08-12,False,4,True
84ff027394f7e470,2016-09-24,True,5,True
850266b3dc4e506e,2023-01-21,True,5,True
85073dbd1be65ed9,2019-01-19,False,8,True
852454c572675334,2009-06-20,True,4,True
85248da6e9e2f7e7,2010-06-19,False,1,False
853eb0dd5c0e2149,2018-12-01,True,6,True
85980f5da429c0a6,2012-05-26,False,2,False
85d0fafb8b75d634,2014-07-06,False,2,False
85d905f7c4f5a1af,2000-04-14,True,3,True
85e26e2468b4e82f,2002-03-22,False,1,False
85ff1b9471d35238,2018-03-17,True,1,False
86061eaba822bfea,2012-06-23,False,1,False
8614b7134913f5d5,2016-02-27,False,2,False
862b0b3375aa4b6e,2019-10-05,False,2,False
863d06a7ef8bc98c,2008-01-19,False,1,False
8667caa0451d245b,2019-03-30,False,3,True
866fd7b1a6c90e7f,2020-10-03,True,5,True
86bace9e4ad85542,2024-06-22,False,4,True
86d9dbe1bfcbade7,2019-07-06,True,4,True
86dfed7cc24a9fa7,2001-05-04,False,5,True
86f582852a5b240a,2007-12-08,True,5,True
873626e5547b5235,2019-05-04,False,2,False
8765559b6a29a421,2021-01-20,False,2,False
876f478f796495f7,2022-08-13,True,4,True
879b8df81523d91b,2012-03-02,False,2,False
879f6cae48d25baa,2012-06-01,True,3,True
87a1dc546b1c5caf,2015-01-24,True,3,True
87aa9fb63d6b51a1,2017-09-02,True,5,True
87c0b1c696ddfb43,2019-10-18,False,3,True
87e2468b986ebb79,2022-05-07,False,2,False
87f19d19f4cb73f8,2017-04-08,True,3,True
87f3bbf52e6c9dc9,2014-07-06,False,1,False
87f8699fdcc2c404,2024-07-27,False,5,True
881bf86d4cba8578,2020-10-03,True,5,True
882d62561063a927,2016-12-03,True,3,True
886264a0c9f4ea5e,2019-11-16,True,3,True
8866c6f509c19089,2015-12-11,True,2,False
887961364be5ceb3,2013-02-02,True,5,True
88a9bc81271ccd89,2008-12-13,False,2,False
88c8f47241d90040,2007-02-03,False,2,False
88d7b6d8230e1f3f,2016-12-09,False,2,False
893d51aaf024eddd,2011-08-14,True,3,True
896c322f56b8be5a,2007-12-08,True,4,True
89839250eb25c9c1,2023-11-18,False,3,True
899923ff6ab13917,2018-12-29,False,4,True
89a407032911e27e,2009-12-05,False,6,True
89b8d1bf1ff09d1d,2008-07-19,True,4,True
8a0be41c0380188d,2011-04-30,False,1,False
8a1f3b5c526cd6e6,2020-02-15,True,7,True
8a304bfd6bf04a57,2011-02-05,True,7,True
8a56ea383fd26e52,2017-07-16,True,2,False
8a59d346dc976a10,2007-04-05,True,7,True
8a65fd9ba31fd3f7,2024-02-17,True,4,True
8a70ceb3edbe757b,2012-03-02,True,5,True
8a8a84b743ae7699,2000-12-16,True,2,False
8a9c6c4301f6d088,2014-02-01,False,4,True
8abac218746e04ca,2019-04-27,True,4,True
8abf70f79e9e27c2,2013-04-06,True,4,True
8adcbd525fab8d9b,2015-05-30,False,3,True
8b1ed83b02303075,2015-04-11,True,4,True
8b260672a21d1fd6,2012-06-01,False,2,False
8b5f9ea38184ded3,2013-10-26,True,5,True
8b69839f3555a67b,2006-08-17,True,4,True
8b6e5dc2ba1edbe7,2023-03-18,False,4,True
8bb6f4479685bbcc,2011-11-05,False,5,True
8bbc0cfc01bc1ba1,2012-06-23,False,1,False
8bd4200561c77a62,2023-06-03,False,4,True
8bdac25ce0bb874d,2013-02-23,True,4,True
8be158ca1e5ea6a0,2018-12-15,False,4,True
8c0580d4fff106c1,2013-04-13,True,6,True
8c169fbe1ac33637,2023-03-04,True,4,True
8c1ca54b5089d199,2022-06-11,True,4,True
8c39367b53eadf8a,2021-03-20,False,2,False
8c3f3c43c8ceb778,2006-04-15,False,2,False
8c57c7b8c3bab0eb,2019-03-16,False,1,False
8c822811eedc11ad,2015-11-14,False,2,False
8c8c92a12621d7e0,2011-06-04,True,3,True
8caca5857ce0e30b,2006-09-23,False,2,False
8cad40a75e5c97f5,2014-07-06,True,4,True
8cb76103cd8a1562,2010-12-04,True,3,True
8cb78f3a6c2a08f7,2018-11-30,True,1,False
8ce87f7e3a9baed2,2014-07-26,True,3,True
8d03ce87ca14e778,2015-12-19,True,6,True
8d11d9c13e2ccdf7,2023-06-03,True,5,True
8d20d76af3f213ce,2022-01-15,False,4,True
8d3273573b85be09,2023-08-05,True,6,True
8d49545dadf9b919,2009-06-20,False,2,False
8d5350fa18b79e9a,2017-07-16,False,1,False
8d9586726252dbf7,2013-04-13,False,2,False
8dc46e9a7895ce1a,2000-09-22,False,1,False
8ddf9c51c5fdea75,2008-05-24,True,5,True
8e1f36476ef02a6a,2018-07-14,False,4,True
8e382b585a92affe,2021-02-13,False,4,True
8e5bfd4e82352340,2010-12-04,True,5,True
8e5d953bdb9ae5e7,2021-04-17,False,7,True
8e893f269d5696b2,2010-12-04,False,1,False
8e8e4487c621aa1c,2014-06-28,True,2,False
8e9eb3fc86db0f7d,2019-05-04,False,5,True
8eb046f83e82bf26,2022-04-16,True,5,True
8ef4a91ac694b7ce,2014-08-30,False,2,False
8f0d576beba1cfcd,2014-10-04,False,4,True
8f2939f5fd9cca1e,2010-09-15,True,5,True
8f2deefe8c5dfb5d,2016-05-29,False,2,False
8f382b3baa954d2a,2015-08-01,False,2,False
8f3df4c579cfbb69,2010-09-15,False,2,False
8f4eeaf7a0df7c1a,2015-07-18,False,3,True
8f5c8850b2484173,2014-01-04,True,5,True
8f6a18831a120817,2013-06-15,True,5,True
8f765fd5775a8873,2022-06-04,True,4,True
8fa2b06572365321,2009-12-05,False,1,False
8fc9ae9c7527dfcb,2019-02-09,False,3,True
8fd1f27e86661ede,2009-01-17,False,1,False
8fd808923cffff82,2013-10-19,True,4,True
9014c02eff8b3d62,2021-03-06,False,4,True
901cddcbfa079097,2010-12-04,False,2,False
902ab9197b83d0db,2010-02-06,True,6,True
902ec2cc48c8ae8a,2015-12-11,True,2,False
907e60fd13407e1e,2014-12-12,False,4,True
90da09db03e41748,2019-06-01,True,2,False
90e0985df05e51bc,2020-09-05,False,2,False
91186547a7f3f758,2001-05-04,False,3,True
9147679e1a4ad4a3,2014-05-31,False,2,False
914a897455693650,2023-02-25,False,2,False
915c8d39d4a0e7d1,2013-09-04,False,2,False
91720876db0ee468,2007-03-03,False,2,False
917a5cb9821df261,2017-01-28,False,4,True
917e53fa0adea0d3,2007-04-07,False,3,True
918d9d89d4d52acc,2006-08-17,True,2,False
918db42c3637916f,2002-07-13,False,1,False
91acd6910b802a9e,2000-11-17,False,1,False
91d73ee59347ac16,2008-07-19,False,2,False
91dac5e69e28d5b5,2018-11-30,False,4,True
91ea901c458e95dd,2013-11-30,True,7,True
92437c6775b3f7d1,2012-08-04,True,5,True
9256f591b30c073e,2024-06-22,True,3,True
928ae2e5b5f7a9ec,2016-01-02,True,3,True
92a9aa9c93192871,2010-03-21,True,4,True
92aafa8f4b26269b,2011-10-01,True,4,True
92b36014314b028b,2013-11-30,False,1,False
92b62174c175ce19,2013-04-13,True,5,True
92fa1401b7927da3,2014-12-20,False,4,True
9310418684bc896f,2014-05-31,False,3,True
938ad489fb7a1f31,2015-05-16,True,3,True
93b2b7caa457cbea,2024-04-27,False,3,True
93b62c5f2ba18e51,2020-06-13,False,4,True
93b9496275bbbf80,2006-10-10,False,2,False
93ce4ac89e3d7652,2005-11-05,False,5,True
94070f6544c4b2a5,2002-06-22,False,1,False
94426bb170c88115,2018-12-01,True,4,True
9450848a71d53776,2013-04-20,False,6,True
94508d80e1f885fc,2014-11-15,True,3,True
94527830000ab715,2011-01-22,True,3,True
94609dd91731d428,2005-11-19,False,1,False
946db8a378903cc3,2018-07-06,False,1,False
947eccadb72f4f6f,2006-06-24,False,1,False
948880beac71f028,2016-01-30,False,1,False
950d0ef5c17157c5,2020-07-11,False,4,True
9560ff14eb3129f7,2019-09-28,True,7,True
9583662df31d943f,2006-04-06,False,6,True
95eb112a85601a0a,2001-09-28,True,2,False
960d6cae8879ba2b,2011-09-17,True,4,True
96428b9e9bd048ea,2016-01-17,True,3,True
9673a497a9da119a,2018-02-03,True,4,True
96924b0019b3aff1,2023-04-15,True,3,True
96c336b463e0662c,2015-01-18,False,3,True
970beed85bc46b63,2012-06-23,False,1,False
971246648e162f0d,2019-12-14,True,4,True
971dba22c622af12,2023-09-16,True,3,True
972c456ff38b2015,2023-01-14,False,4,True
97a6bbe6e6566a94,2014-03-15,True,3,True
97a8f39186f489db,2011-07-02,True,3,True
97cf1a2c7c5e7889,2020-02-29,False,2,False
980b4e712489098e,2003-04-25,True,2,False
981ab7a0576f76a0,2013-07-27,False,2,False
98215d037be5bcb7,2017-03-04,True,6,True
984d15d5dc7bfcf9,2017-07-08,False,2,False
98a6b2361045898f,2015-11-28,False,4,True
98aa60cf58071fd6,2013-10-19,True,6,True
98b80a717b9bda17,2006-06-24,True,5,True
98c23cb6da5b3352,2014-06-28,True,2,False
98d961097baaf308,2016-12-09,True,5,True
98e946879ba20c0f,2019-04-13,False,2,False
98ec9f385cca47fc,2012-04-14,False,2,False
98f6da59d765ec94,2010-03-31,True,6,True
990bd63726a577f8,2018-02-18,False,2,False
993d385f5a475375,2014-02-01,False,3,True
99506df1af6c8b3b,2011-12-03,True,5,True
99bcdf5eac39898f,2017-01-28,True,4,True
99bd51917728c25d,2019-03-09,True,4,True
99bd87a300079ed9,2011-03-19,True,3,True
99c7610aa74995d3,2014-07-19,True,6,True
99dd0147dc4ef80c,2002-07-13,True,3,True
99df7d0a2a08a8a8,2014-10-04,True,5,True
9a2d3567abc02e34,2014-01-04,False,4,True
9a967e8e43dcef63,2002-06-22,False,1,False
9ab9912e0f8fa6d6,2016-07-08,False,1,False
9abc648e76c4493a,2020-08-29,False,5,True
9ada30894bf04e19,2020-03-14,True,3,True
9b198c73e3d0d289,2012-02-15,True,4,True
9b1e3fb4f8cbd5b7,2018-04-14,False,2,False
9b68bf67c5695185,2010-08-07,False,2,False
9b74de674c355425,2007-04-21,True,5,True
9b75954db8db2a08,2014-12-06,False,2,False
9b7694d064a8a0ad,2012-12-15,True,4,True
9b7dfb3b7d99926a,2019-09-21,False,4,True
9ba2226646046b63,2014-08-16,True,5,True
9bad58fa651d6196,2000-03-10,False,1,False
9bcf8603ceb25680,2008-05-24,True,4,True
9be6020024133293,2016-04-10,False,5,True
9c27f3217891f3f0,2021-07-10,False,2,False
9c393e836a852f30,2024-05-04,True,5,True
9c42a0de8e012870,2016-02-21,False,2,False
9c442aaf149ea982,2023-07-22,False,3,True
9c44f290f5726d95,2016-11-05,True,3,True
9c65736747ca92ec,2013-06-08,True,4,True
9c669abd35b2522f,2010-03-27,False,3,True
9c907996820d2d69,2015-07-18,True,4,True
9ca265dfe8323db3,2009-04-01,False,1,False
9ccdd2ce45903f34,2002-07-13,True,3,True
9cd047a828dd7515,2020-10-10,False,2,False
9cdd2da1a9104a0b,2018-11-30,True,5,True
9ce6d5a03af801b7,2015-05-30,True,3,True
9cfbfae5fa1fdd93,2019-02-02,True,3,True
9d19d9e4aa2662e8,2015-05-30,True,4,True
9d4522df6fc49a47,2006-10-14,False,4,True
9d62c2d8ee151f08,2022-06-04,True,4,True
9d83f6da776ff7d6,2019-11-09,False,2,False
9ddfb3369a3b0394,2011-02-05,False,1,False
9dedfdd91070ddd8,2021-01-20,False,3,True
9deff9e3e8d94d47,2013-04-13,True,2,False
9e50097a89442158,2016-02-06,True,4,True
9e8f6c728eb01124,2017-07-07,True,5,True
9e92e1ca498d7244,2022-05-07,False,4,True
9eb069062a0cfc13,2014-08-16,False,2,False
9edf2c9082cc2cd8,2022-02-12,False,3,True
9eef6584fab21fbb,2017-04-22,False,1,False
9f1641c08cf8fbe2,2008-07-19,True,5,True
9f755fb04cc21499,2014-03-23,False,4,True
9f7787e56a6bc0f4,2010-12-04,False,1,False
9f842be1a5337be6,2007-09-22,False,2,False
9fa3bd637edd9aa2,2004-10-22,False,3,True
9fa568ad2bf2cb0b,2013-12-06,True,5,True
9fe7af8b3fbe00a0,2021-07-17,False,3,True
9fe85152f351e737,2005-04-09,True,6,True
a00ec21cfbba17b6,2014-03-01,True,3,True
a01a62132460a98d,2022-07-30,False,4,True
a01e84abefd85ec0,2010-11-13,True,2,False
a0602dd050bebefc,2013-02-23,False,1,False
a08d909a5be6f410,2008-12-13,True,4,True
a08ddd04eaffd81d,2020-06-13,True,4,True
a09ed60aa67a3f67,2023-03-04,True,4,True
a0b91014e9d16a76,2008-07-19,False,1,False
a0c139b34f11421a,2010-01-02,False,3,True
a0c64f272b65d441,2017-01-28,False,5,True
a0e6753c42698f13,2019-12-21,True,5,True
a0e75f4a13eb73f1,2018-06-09,False,5,True
a0f0004aadf10b71,2017-01-28,True,5,True
a12a8314adc1c1c9,2018-11-17,True,4,True
a13d755965a4ec9f,2021-04-24,False,3,True
a149d6bc670cdb60,2006-10-10,False,6,True
a17322f99ddfd8e9,2013-04-13,False,2,False
a1b0715c4fd2dbd3,2012-11-17,False,2,False
a20d7dfaba74c067,2012-06-23,True,5,True
a20f234df70f2182,2017-06-17,False,4,True
a26198ba5093147e,2009-04-18,True,6,True
a29db9cd4f9ccea5,2021-11-20,False,3,True
a2b12c3f3d60ff69,2013-12-06,True,4,True
a2ccf35a88346a91,2021-10-16,False,3,True
a2ea77e974c5889f,2020-07-18,False,5,True
a331233f597090a5,2014-12-13,True,4,True
a36556bb1565e32d,2012-06-01,True,3,True
a3a542074109b347,2021-05-01,True,3,True
a3be148af5c7b088,2013-09-04,True,5,True
a421465acbe59c77,2009-02-07,False,2,False
a495f599e787614f,2019-01-19,True,4,True
a4a80dd7336ffd59,2021-08-07,True,4,True
a4dc0f2b95df4cc1,2024-03-02,False,3,True
a4dc47001f202bcd,2014-06-28,False,2,False
a4de54ea806fb525,2014-04-19,False,5,True
a4e85a58fbce64b2,2014-08-30,False,4,True
a52bc1e62cf0b7c6,2021-07-31,True,4,True
a53d30163304aa6e,2021-05-08,True,4,True
a54660deb6a8489c,2023-06-03,False,4,True
a54fc2d6fc224dc3,2006-08-26,False,2,False
a56607a451e4c70d,2008-03-01,False,4,True
a566371ba2ad7152,2003-09-26,True,3,True
a57cb948c4c70a47,2023-08-12,True,3,True
a66395395b5f1394,2011-06-04,False,2,False
a67d071163962af8,2024-03-09,True,4,True
a67f5afa8d6a1b80,2018-09-22,True,5,True
a68575214ecad140,2019-04-20,False,4,True
a6959da32f0e6b5d,2008-02-02,False,4,True
a6bbd3df469c6bea,2013-07-06,False,1,False
a6c20202c701e5ca,2020-11-21,True,3,True
a6cba6bb66c1a8c9,2015-12-10,True,4,True
a6d8bfe9e0c8153b,2008-06-07,True,5,True
a6eb54ae17a551be,2023-02-25,False,4,True
a6f3d15cb84334bb,2022-04-23,False,1,False
a6fd2173d5e2d7f0,2008-04-19,True,3,True
a7151778b3381036,2013-04-27,False,1,False
a72a2a769fa5a2be,2023-02-04,True,2,False
a75a48bfe776b2c2,2023-06-03,False,2,False
a780d16cf7eed44d,2009-12-12,False,2,False
a78a87d8c2bbb1cb,2018-11-30,False,2,False
a7d687e6ecb30981,2010-10-16,True,3,True
a7ddae0be8b78147,2013-11-30,True,4,True
a7de976620f2ed13,2014-06-28,False,2,False
a7e3f02fe2b2fe30,2022-09-10,False,1,False
a7f4d0902bb64092,2005-02-05,False,4,True
a817e238b2747404,2024-04-06,False,3,True
a8283a4f415e1eb9,2012-06-23,True,7,True
a845f0735bc67405,2014-06-28,True,5,True
a851c35f58199231,2017-09-22,True,4,True
a85998eb79650b2c,2006-06-24,False,2,False
a8aba6fd8a463043,2007-04-21,True,5,True
a8c9d16fe2a14d72,2016-09-10,False,2,False
a8d521d913df4e31,2009-03-07,False,1,False
a8e6a69796280f17,2005-08-06,True,5,True
a8ea84cbe1655f0a,2004-01-31,False,1,False
a8fa0c4e95512806,2001-02-23,False,1,False
a93f94c923c3a9cb,2023-03-18,True,5,True
a9a314cc77d90b6e,2004-04-02,False,1,False
a9bcf8717dd12532,2014-03-08,False,2,False
a9d6e047ce48ab63,2017-12-02,False,3,True
a9da3158dd2c2b5a,2023-02-11,True,5,True
a9e260472d321361,2022-01-22,True,6,True
aa03a3ca00ac6827,2006-10-14,True,3,True
aa0c573da7119292,2022-08-06,True,3,True
aa171d55d4b5208f,2019-12-07,True,6,True
aa1952ec0b3dd8e1,2006-07-08,False,6,True
aa5b4eff51bdc7d1,2013-04-20,False,3,True
aa6e591c2a2cdecd,2014-05-31,True,2,False
aa72b0f831d0bfe5,2017-06-03,True,5,True
aa79d5399571068e,2008-12-10,False,2,False
aac5ac38148f0528,2008-01-19,True,5,True
aac6edb0d5e0b7e9,2015-12-11,False,1,False
aae0897825336b1a,2010-04-10,False,1,False
aae99701b21554e4,2007-08-25,False,3,True
ab2b4ff41d6ebe0f,2017-12-09,True,5,True
ab850a77a0fa487d,2013-01-26,False,6,True
ab8900ae1f1dfd4c,2008-05-24,True,5,True
ab943cd2c3c17825,2014-05-31,True,4,True
abb68e3c7ca128f2,2024-06-15,False,5,True
abbc737317f66b81,2008-01-23,True,3,True
abcf2cc6efc42031,2022-08-13,False,4,True
abd2109bc4cb0291,2015-03-21,False,1,False
abd5fb12437eda21,2017-10-21,True,3,True
ac026518a9b4dc0f,2020-12-05,True,5,True
ac29d508d78384c9,2017-10-28,True,4,True
ac40f7e3cbecdda4,2020-08-15,False,5,True
ac5a7400da3a9a41,2018-07-14,False,2,False
ac70a4f1db1b8c40,2007-09-22,False,1,False
ac7c765882f2c68c,2021-07-24,False,6,True
acb36c908d415c4a,2019-01-19,False,3,True
acd9513399a8b09b,2012-01-14,False,2,False
aceffa19749c4dc0,2014-02-15,True,3,True
acff437707625fc7,2006-08-26,True,7,True
ad3041e61896b975,2007-06-16,False,2,False
ad32471f01e7b1a5,2003-09-26,False,1,False
ad3f53c454cbbead,2000-11-17,True,5,True
ad56b3f00ca38dfd,2016-11-19,False,4,True
adccbc19b22e19af,2023-02-04,False,1,False
ae071698e1a3ccd4,2020-06-13,True,3,True
ae58685caf8e4a0d,2005-06-04,False,1,False
ae7fe94f117f98cf,2015-09-05,True,3,True
aebfb84d1f6d2d8c,2007-06-23,False,1,False
aec185309b4843d0,2012-04-14,True,3,True
aed06011bf62237b,2010-10-23,False,4,True
aee8eecfc4bfb1e7,2005-04-09,False,1,False
af49a6c491ca22a3,2006-06-28,False,1,False
af5b208e97f5d382,2006-06-24,False,6,True
af62f99eb7606308,2012-06-01,True,5,True
af65aa688d13eedf,2019-12-07,True,4,True
af90b10c785ced3e,2012-12-15,True,4,True
af997f7611673880,2016-11-19,True,3,True
af9efbfd63d39734,2022-10-01,True,4,True
af9f42e6894047fc,2019-10-05,False,4,True
afaad7d6a581e307,2000-09-22,False,3,True
afc2a7ce0c763bd5,2012-04-14,False,2,False
afdb76fbd86f6d11,2007-04-21,False,2,False
afe8d5b39ff7fca2,2020-11-21,False,2,False
b034747dc1d15491,2007-09-22,False,2,False
b05086131c6f5dc5,2009-02-07,False,1,False
b0550072e5f0afa7,2009-07-11,True,3,True
b07aed698fba8624,2023-05-06,True,4,True
b08012bbe542592a,2016-07-08,True,3,True
b0a6124751a56bc4,2010-12-04,True,4,True
b0bd0c5425668b8f,2016-06-04,True,6,True
b0d6a1d8ac3d563d,2016-08-20,False,5,True
b0f316c60f8d3b47,2011-12-03,False,2,False
b102c26727306ab6,2012-10-05,False,5,True
b12a1d19ee383b7c,2017-07-29,False,3,True
b12fb759e02378de,2021-08-28,False,2,False
b12fc8a41e82d3a2,2014-08-23,False,3,True
b13da0b1a3aed3e7,2011-02-26,True,4,True
b14a68c533f4a4aa,2006-11-18,False,2,False
b15862fcd6ded451,2022-10-29,False,1,False
b18fb36a4aa00093,2008-12-13,False,1,False
b1a3e0aca758b322,2012-12-29,True,4,True
b1b0729d27936f2f,2016-07-07,False,7,True
b1e5bcaad32a3cac,2018-02-03,False,3,True
b1f21ce050035d58,2024-03-23,True,4,True
b23fca14c7b79935,2009-01-17,False,1,False
b26d3e3746fb4024,2011-03-03,True,3,True
b27a1fcb56a3035a,2017-07-08,True,3,True
b27b8881d7444114,2013-04-06,False,1,False
b2a2da86546ddb19,2012-06-08,True,2,False
b2acebbef8da14ea,2007-11-17,True,3,True
b2e3aca4cd363477,2011-01-22,True,6,True
b2f743746e8dcfa2,2007-06-12,False,2,False
b2f88c04c4dd43ce,2005-04-16,False,1,False
b35a159f525764eb,2012-06-01,False,1,False
b35ba64b6a2bbcb3,2013-08-03,False,2,False
b369533a577fa97c,2006-04-06,True,2,False
b39f7a6c2be17ee8,2023-09-16,True,2,False
b3d21b2610dcfaeb,2017-12-01,False,4,True
b406da701c479076,2014-02-22,True,3,True
b4192a975027aab6,2015-04-11,True,4,True
b4537562f88ac582,2018-07-22,False,3,True
b45d6b73f4ca4467,2009-06-20,False,5,True
b4880ef2f838d4e1,2021-10-09,False,4,True
b4ad3a06ee4d660c,2011-12-30,True,3,True
b4bc2e3353a770b5,2000-03-10,False,3,True
b4c57a8c2b773e82,2022-09-03,False,2,False
b4c6c904a9ffc5e8,2016-12-09,False,4,True
b4c96c3d9139bf0e,2014-07-06,True,2,False
b4eeac608fc82f88,2011-04-30,False,5,True
b50a426a33da0012,2017-12-01,True,2,False
b51841e7c594090d,2008-12-27,False,1,False
b53c46f613f6f248,2019-07-13,True,2,False
b57edace7b647f07,2014-05-31,False,3,True
b59037262c8fe060,2016-12-09,True,4,True
b5b684eac99ae0a3,2011-02-05,True,5,True
b5da8f7d05e85a55,2020-11-28,False,4,True
b5ea750025697880,2007-03-03,False,1,False
b60c980f79b87ce8,2019-06-01,True,2,False
b6203e0492a9336c,2023-09-16,False,2,False
b62d5280966b2460,2023-02-18,True,3,True
b63e800c18e011b5,2000-03-10,True,2,False
b6452706b373eea1,2014-12-20,True,2,False
b671bdf981ad527d,2023-02-04,True,2,False
b67d6bacc68d4c92,2022-04-09,False,3,True
b6850671a008bf9a,2014-12-12,True,3,True
b69f24c500d783e7,2013-08-03,True,3,True
b6b12014698cc345,2005-04-16,False,1,False
b6c37948cb226e8c,2024-03-02,False,2,False
b6c4451cb13c9303,2012-09-29,False,5,True
b6e6c3b1dcaae0a1,2016-07-08,True,4,True
b71ce838b01f2cad,2012-06-23,True,6,True
b72a60a0cadff408,2011-12-03,False,3,True
b732b326c362fb62,2008-08-09,False,2,False
b76c6268dc1d3c05,2016-08-06,False,5,True
b788862dd1c11eac,2012-12-14,False,1,False
b7ad576b8ae115e6,2014-01-25,False,3,True
b7b84ccd221be298,2017-10-21,False,4,True
b7c5eb7cdbac6a63,2024-02-17,True,4,True
b7d524c77c27389b,2005-11-05,False,6,True
b7f38813485745da,2012-02-04,False,4,True
b7ffa72aa148599a,2013-05-25,False,4,True
b8592b4a383696cd,2012-07-21,False,4,True
b8a85389d115e35a,2019-09-28,True,4,True
b8aef0faf4ce9b31,2012-06-01,True,6,True
b8bbdeff718dbb7d,2021-04-24,True,5,True
b8c0f30ee9a98b69,2015-08-01,False,2,False
b909a9a9688b5284,2022-09-03,False,2,False
b93c06d09d1c4ac0,2018-02-18,False,5,True
b9415726dc3ec526,2009-12-05,False,3,True
b9437600497350f3,2020-08-08,False,7,True
b959e8c7fd8390d2,2008-12-13,False,3,True
b96619b3acd7d9da,2013-04-13,False,5,True
b9664eae2ac75262,2016-07-13,False,6,True
b96939f2b8d88e82,2017-12-01,False,1,False
b9706f80d005036c,2016-10-01,True,4,True
b997be68943010fc,2018-02-18,True,5,True
b9c03e7a4557e542,2014-01-04,True,3,True
b9d0fd83bb8a147a,2005-11-05,True,7,True
b9e871af730f826c,2004-08-21,False,1,False
b9f28e7045fdfce7,2018-07-14,True,4,True
ba043b03eb799063,2012-10-05,False,5,True
ba1e6cb3d43f7430,2016-08-06,True,4,True
ba280572acfba13f,2009-12-05,True,6,True
ba5e253af86db1a8,2017-07-08,False,4,True
bad8be5827ea1bf1,2014-08-23,False,2,False
baed16f18348908e,2010-06-19,False,3,True
bb1a2cdad6ff34db,2015-12-11,False,7,True
bb61823f76361297,2019-01-19,False,2,False
bbab3baf66128ae2,2022-03-12,True,5,True
bbc9ab95fa766493,2018-11-17,False,2,False
bbfca6d5c27d9cd8,2011-03-26,False,4,True
bc3ec52ef70fc155,2012-07-21,True,6,True
bc656db347f31e19,2017-09-02,False,3,True
bc711b6dd95c1af6,2019-01-19,False,3,True
bc7230f231701d66,2011-10-01,True,5,True
bc7d1ad49fcb2d08,2023-04-08,False,4,True
bc8f6b42767e28df,2007-04-05,False,2,False
bcad7223af3c19da,2016-02-27,False,1,False
bd21a1e3d41c97ee,2011-08-14,True,3,True
bd532e9a2b93870c,2023-10-14,True,4,True
bd5403efbaa445c0,2014-01-04,False,3,True
bd58d34e39b7b12a,2009-10-24,False,3,True
bd878a638e0e3be3,2014-12-12,False,2,False
bda04c573563cc2e,2009-08-29,True,2,False
bdcbb976816fd256,2014-11-07,True,5,True
be0b310a12eb80b4,2015-11-21,True,4,True
be4076c9e8d791e3,2013-05-18,False,2,False
be5cfd73617a5b1a,2011-06-26,True,1,False
be68b375707dcb85,2020-02-29,True,3,True
bebb4ae55ac2bf6f,2018-10-27,False,4,True
beecb672a279223e,2019-06-29,True,5,True
bf0e700106d00e55,2018-01-27,False,4,True
bf2c8e01b07d3eb1,2023-11-18,True,4,True
bf41b5131545da12,2006-08-17,False,2,False
bf43fed8f29e1671,2016-11-05,False,4,True
bf7ad5628363eec9,2017-07-08,True,5,True
bf9bc96336922271,2016-08-27,False,2,False
bfc2fc38a0e20211,2007-04-21,False,3,True
bffeb123b21c9aad,2013-10-19,False,3,True
c03520b5c88ed6b4,2017-12-09,False,4,True
c0386644627a7ee5,2021-08-28,True,4,True
c03a5022f8439f2a,2014-04-16,True,5,True
c051c2e12d692b8a,2023-02-04,False,4,True
c06a9b48d4132c8e,2014-06-28,False,4,True
c06d554ce1713fd3,2014-03-08,False,2,False
c07efc18b231f170,2016-05-29,False,3,True
c0ab242c40decc55,2008-12-13,True,5,True
c0ac37a4a1133da9,2023-04-29,True,4,True
c0badf3243907e59,2020-09-12,True,6,True
c0c36a5b3d5bbdd5,2011-09-17,False,2,False
c0d5c0c95c59050b,2019-09-21,False,2,False
c0eecd851dbf3146,2012-06-22,False,2,False
c1085e1701b13eca,2022-09-17,True,5,True
c10eb2f12c489f6d,2014-04-16,False,2,False
c11f50e9c1513ce9,2010-06-19,False,2,False
c13042265355a290,2016-11-19,False,2,False
c136b2a8852da5bd,2014-07-26,False,4,True
c15fa95b9a12fde4,2023-04-22,False,5,True
c169545ab0825f44,2015-08-08,False,4,True
c17041f1bb5768d8,2014-04-19,True,4,True
c1a5d3843596df92,2012-06-23,True,3,True
c1ea9d56cd953586,2014-12-12,False,2,False
c21a036b4e012f1c,2010-12-11,True,5,True
c21f26bbde777573,2018-11-17,True,6,True
c2299ec916bc7c56,2021-10-30,False,5,True
c23e3d4875340d8d,2011-02-26,True,4,True
c24b1db4b809d41b,2004-01-31,True,3,True
c268b2cfebccf652,2012-05-05,False,6,True
c295de4e10acd4c9,2013-02-02,True,4,True
c2a670b22d2e196f,2020-01-18,True,3,True
c2e3e67b5911bfb7,2011-12-03,True,5,True
c3218c810959d279,2019-08-31,False,4,True
c32aeb1a59e6272d,2022-01-22,True,4,True
c32fb8c0f6471a4d,2007-02-03,True,3,True
c34e5849184b08c3,2012-03-02,False,2,False
c3bd649a9194e50c,2012-06-01,False,3,True
c3ded6f7155f9ea4,2019-04-20,False,3,True
c3ea8deeba00462b,2002-06-22,True,3,True
c3f6db17cea09ca7,2019-06-01,False,2,False
c41d426cc7326d1b,2017-11-25,True,4,True
c451d67c09c55418,2011-03-26,True,3,True
c4731f43693b96b8,2014-11-08,False,1,False
c47df9303d318c67,2006-10-14,True,7,True
c482c8605455a213,2017-07-22,True,5,True
c487223b0289bda9,2018-06-23,False,3,True
c4af2feb4b58bc3b,2013-03-02,True,4,True
c4b6099f0d25f75e,2007-12-08,False,1,False
c4b81cdecd5d6abe,2010-01-11,True,4,True
c4b9296214f4c09c,2006-01-16,True,3,True
c4d039123e62f6a9,2023-08-05,False,4,True
c4fe2e9a06ea5bcb,2012-12-14,True,3,True
c549573c0df4d676,2019-10-05,False,5,True
c575ab451e3c5b1d,2015-04-11,False,3,True
c58f51dedb310998,2012-06-01,True,5,True
c5a126ace82a6025,2014-12-13,False,4,True
c5af5750e8bae4f0,2016-01-17,False,3,True
c5ccd878231c5407,2024-01-20,True,3,True
c62fbc117d57b943,2017-11-18,True,6,True
c68c68efaa5ca6ef,2022-02-05,True,5,True
c6a33ff198aaaeeb,2005-04-09,False,6,True
c6aee362c7a7d482,2016-01-30,True,6,True
c6d8ae3b016d5ad5,2007-09-19,False,2,False
c7011de4765d2497,2011-08-06,False,2,False
c727c7d31c50c4cf,2014-06-28,False,5,True
c730a0be691dc081,2020-11-21,False,4,True
c739c2995a275314,2023-03-18,True,3,True
c742287ed86a09bc,2014-12-12,True,3,True
c75b99887c8c3f5a,2002-01-11,False,2,False
c76ec2bc3a57666a,2011-12-10,False,3,True
c77a953488e5607d,2012-12-15,False,3,True
c7be22a47a58365a,2017-12-01,False,1,False
c7c39e2fb70248b3,2022-02-19,True,3,True
c7d297714d9ab1a4,2015-01-03,True,5,True
c7d7fda69ec410d3,2021-06-05,True,2,False
c80095f6092271a7,2008-02-02,True,4,True
c8097968da5e5f13,2014-08-30,True,5,True
c8136ab8aa32c974,2006-06-24,True,5,True
c814b4c899793af6,2019-04-20,False,4,True
c849740a3ff51931,2011-12-03,False,6,True
c878270af633eb11,2020-08-22,True,5,True
c945adc22c2bfe8f,2011-11-05,False,6,True
c9587d81e1d33925,2020-09-19,False,4,True
c96d9178c9ed9e62,2012-05-05,False,5,True
c96e2ae6021144a1,2011-03-03,False,3,True
c9a94278df042f46,2020-10-10,False,4,True
c9bbf1a0285a8076,2007-06-12,False,2,False
c9cf753cfdf77fc2,2016-04-10,False,6,True
c9f6385af6df66d7,2011-11-05,False,4,True
ca28cdf526d6b6e9,2023-02-25,True,2,False
ca2efc9d7d523c43,2012-03-02,True,6,True
ca36633b80be4a78,2023-11-04,False,2,False
ca43de99b07b6b40,2022-04-09,False,5,True
cac08b8685387ca5,2009-12-05,True,3,True
cad24459b28592ca,2017-07-22,True,8,True
cb139171ed1b69fe,2005-04-09,False,6,True
cb46dface0e28a2c,2003-09-26,True,3,True
cb52f9490c2dc069,2014-04-16,False,5,True
cb6783c39c01d896,2000-03-10,False,2,False
cb696ebfb6598724,2014-02-22,True,4,True
cbb682f5fcc44bfc,2011-06-04,False,4,True
cbd3e590a85b18c5,2014-04-19,True,3,True
cbd5d3cdd862e90e,2010-01-11,True,4,True
cbd6f1abf955e628,2011-06-11,True,4,True
cbe79765d44bd172,2007-07-07,False,4,True
cbf1c7ba5408a66f,2017-10-21,False,3,True
cbf5e6f231b55443,2014-11-15,True,5,True
cbf94e4c4af4ff6d,2008-07-19,True,2,False
cbfd1d34356a004c,2000-09-22,True,3,True
cc1a8b4b38b92c6d,2018-08-04,False,5,True
cc300e9aa3063431,2008-08-09,False,2,False
cc3147b49c7d7d92,2012-02-04,False,2,False
cc351e408bbb7d43,2018-01-20,False,7,True
cc6f9d1e89f3449a,2007-06-23,False,5,True
cc7040fe76f0ef91,2016-07-13,False,5,True
cc81c92fe2254935,2017-07-07,False,1,False
cc84b68f862b466f,2011-09-24,False,2,False
cc8c623cca88f54f,2018-09-22,True,3,True
cc900af167fbedfd,2015-04-04,True,5,True
cc900c6a71ed23f3,2014-08-23,False,4,True
cc98d857b148e33a,2016-02-21,False,2,False
ccba80d4820ef557,2006-09-23,False,1,False
ccd1299e0345e0ce,2005-11-05,True,5,True
ccdd90bd1fc7dab6,2001-06-29,True,4,True
cce79e827569f26e,2010-02-06,False,2,False
ccf5dc41417e9daf,2018-11-30,True,2,False
cd01f0b768a32475,2015-08-08,True,3,True
cd12227edd3f134b,2005-11-19,False,1,False
cd13728ae1151f46,2016-06-18,False,4,True
cd2e5a390821fb48,2020-09-19,False,2,False
cd3d7e37ff2d679c,2021-08-28,True,3,True
cd7763bcadb5d4c8,2013-10-09,True,3,True
cd7bafbeee1f29a0,2007-12-08,True,2,False
cd85b48dc880fabd,2015-11-21,False,2,False
cda1099995b46cc2,2022-01-22,False,3,True
cdadae5363b66eef,2021-01-20,True,4,True
cdb96af67d096b1e,2016-01-02,True,4,True
ce175eaafe867d1f,2021-08-28,False,2,False
ce1e867808ef5fce,2017-07-16,True,5,True
ce47f49e5c386a9c,2005-11-05,False,1,False
ce6065baef021cf3,2000-04-14,True,1,False
ce632027bf2a871b,2019-06-29,True,3,True
cf1a88371c8cb690,2000-11-17,False,1,False
cf615eb4b7862c76,2015-07-12,False,2,False
cf65d56b0755ed3b,2014-08-16,True,7,True
cf946e03ba2e7666,2018-11-30,True,5,True
cf9d24e4bd0cf2ce,2007-07-07,False,5,True
cfaf010d5b389c09,2012-12-14,True,3,True
cfb65863d5099327,2006-11-11,False,6,True
cfc3e7bb44685289,2022-04-16,False,5,True
cffb87059e645bd1,2022-09-17,False,5,True
d008d785f6347dc2,2023-02-04,True,3,True
d023ae89a2a4a41e,2008-06-21,True,5,True
d024ed963e8bf7ea,2016-03-19,False,6,True
d0314416a7f26527,2011-03-26,True,5,True
d05412b513b19621,2014-11-15,False,2,False
d05cb1e8d1b885d8,2020-06-27,False,5,True
d06f8869449ba7bd,2014-05-31,False,4,True
d0a5ef38a7778ac2,2013-05-25,False,3,True
d0aaedcf7ccd0b45,2020-08-15,True,6,True
d0c29452d3272603,2008-09-17,True,7,True
d0d7160824278840,2006-10-14,False,3,True
d0e1b42d41dab603,2017-12-16,True,2,False
d0e50a3d1b250708,2017-03-04,False,5,True
d0f3959b4a9747e6,2011-04-30,True,4,True
d1053e55f00e53fe,2024-03-02,False,2,False
d10b35152277cf98,2010-08-28,False,1,False
d1152823307d7e7c,2007-12-29,False,3,True
d1528ac5675558b1,2017-05-13,False,4,True
d156513a19acf856,2014-08-16,False,7,True
d1759b2b7be9be56,2006-11-18,False,2,False
d188a3b817860ec6,2011-12-03,True,7,True
d18dbcb0f8e2b55d,2011-11-19,False,2,False
d1941565abf50b16,2008-10-18,True,8,True
d1a1314976c50bef,2005-08-06,False,5,True
d1c65d2cf2925ddd,2021-06-05,True,6,True
d1dcd4e96464a53d,2008-12-13,False,1,False
d1e1fdcea7c8a90a,2014-01-04,False,4,True
d1e6a6536ee62517,2000-06-09,True,1,False
d1e7fc58d4225cdf,2011-03-03,True,7,True
d2036f31c035e0d1,2018-06-01,True,2,False
d21113c9ff3788ae,2020-08-08,False,2,False
d221ee27afc7a60e,2013-08-03,True,2,False
d23ccf4a6c221284,2010-07-03,False,4,True
d247691a6c0e9034,2011-11-12,False,6,True
d25240135aee03e5,2021-06-05,False,4,True
d25b93992f285953,2010-11-20,False,2,False
d26934530dc5b248,2006-02-04,False,2,False
d28dee5c705991df,2011-10-08,True,5,True
d29b5c4f22c6357d,2010-01-02,False,3,True
d2b1c1317a39f6c6,2000-04-14,False,1,False
d2bc285ead803db0,2014-01-15,True,5,True
d2c55d1d2e67773b,2010-07-03,False,4,True
d2cd7a69cc55e7ed,2019-05-18,False,6,True
d2d37e8eeb3abc8d,2003-11-21,False,5,True
d2f43cfaf8ca3560,2023-04-29,True,4,True
d317a5e2b3f88c5f,2014-05-31,True,5,True
d31a5546c0e9b213,2020-05-16,True,3,True
d31cbcdd7d69536d,2020-02-29,False,4,True
d343df8ba11f4c4e,2014-11-08,False,2,False
d34636a85f0f4c90,2012-11-10,False,2,False
d35298b6df168456,2023-12-09,True,4,True
d35c3ed553b71fa2,2008-09-17,False,2,False
d35f734c56a89103,2023-03-11,True,4,True
d38e8c6ae2dfc051,2015-09-05,False,1,False
d3c554d6e11fc9d6,2014-08-23,False,1,False
d3de4a24f7eefac8,2007-06-23,False,2,False
d3df1add9d9a7efb,2014-04-19,True,8,True
d3f5d33d61cd00c9,2020-02-29,False,4,True
d3fa5c5955397532,2019-06-08,False,2,False
d403b1a6f278c95e,2011-06-11,False,3,True
d4270315cbcf2569,2020-10-24,False,5,True
d43a048a880efdff,2005-04-09,True,8,True
d468288756ae3982,2000-11-17,True,3,True
d4691518d012b9e7,2017-10-21,True,4,True
d4a31850a7457f1b,2016-07-08,False,5,True
d4c9dcd330403612,2013-06-08,False,1,False
d4f364dd076bb0e2,2011-11-19,False,3,True
d50382dc0565a9e1,2016-12-10,True,4,True
d512d9f204059f57,2004-08-21,True,7,True
d53482bef23235ba,2014-05-31,False,3,True
d58478ded5534695,2010-11-20,True,1,False
d5b7fac960e58920,2014-04-16,False,2,False
d5ed14b2153c6ed2,2001-05-04,True,2,False
d5f820c11a121050,2009-04-01,True,6,True
d61316139d68dbe3,2020-07-11,False,1,False
d6285cba1d1052e0,2016-07-23,False,3,True
d62bb4d84a7267ba,2000-11-17,True,1,False
d632d156c0549e07,2009-04-01,False,1,False
d661ce4da776fc20,2018-06-23,True,6,True
d66a46de8d705353,2021-06-26,True,4,True
d6c0cdd7e467c440,2020-06-27,False,6,True
d6d5da3c209884bc,2014-07-05,False,1,False
d6ead04919a894b1,2019-06-01,False,1,False
d7338bcb141abd2c,2018-11-30,True,5,True
d747eb273a40a920,2016-11-05,False,2,False
d74cba8566291bfa,2008-12-13,True,2,False
d761b3766e38c5db,2017-02-04,True,3,True
d7adfcfdf7c6c1f8,2014-06-28,False,3,True
d7b2c0b53883ee80,2010-12-04,True,2,False
d7c3816669784109,2015-12-19,True,6,True
d7e40dca3ae125be,2019-10-18,False,3,True
d7fe8c6b7d2872e5,2023-10-14,False,2,False
d802174b0c0c1f4e,2018-03-17,False,5,True
d8022d5526b1d937,2007-01-25,False,2,False
d80ee110748171ac,2021-10-02,False,3,True
d814f5192e58fb2f,2005-02-05,False,6,True
d81ac739417d7f53,2009-09-16,False,5,True
d897897060f10a3a,2003-04-25,True,4,True
d8c7c61b176e3994,2015-01-03,True,6,True
d8c811df0386d5e8,2023-02-04,True,4,True
d8d7b24d276c8cb0,2014-03-01,False,1,False
d8da10db80131bec,2016-12-30,True,7,True
d90b630e0561818b,2000-11-17,False,2,False
d910665038efc639,2014-12-12,True,3,True
d945aae53e3e54e6,2018-11-10,False,5,True
d964a59c48381cb6,2024-03-16,True,3,True
d967f0128c323de6,2013-04-20,True,5,True
d9a56ecb6e94f02e,2022-04-23,False,3,True
d9c6f19f958643e9,2018-07-06,True,4,True
da0995f19b749cfa,2019-09-28,True,3,True
da1d8d76404bb6b5,2013-12-06,False,3,True
da4628f173337902,2022-10-01,False,2,False
da7f113b5ea39c43,2022-08-06,True,5,True
da816417a579a0bd,2017-02-19,True,2,False
da97d6c97d09c030,2005-06-04,False,2,False
dab8cfbb6b1db10a,2018-09-22,True,4,True
daf1b84aebd6602b,2006-09-23,True,7,True
db1f2ed63b54b9a7,2012-07-21,False,5,True
db5dc7cb80d7d418,2014-01-04,False,1,False
db6d5f691aea3fd3,2012-06-23,False,1,False
dbaaf42313af90fa,2004-08-21,False,4,True
dbac0a413af64bbe,2019-02-02,False,3,True
dbc17725b887860a,2012-06-23,True,4,True
dbea8c1cb327ab3d,2013-10-09,True,4,True
dc07493a87dc0a6e,2017-09-16,False,1,False
dc3b9cf7641b7ab6,2021-02-20,False,2,False
dc5a6b2fdb27e7dc,2010-08-28,False,2,False
dc7927cd622676a7,2022-02-26,False,5,True
dc9572dd6ec74859,2014-08-23,True,6,True
dcbf01d605681ad1,2014-06-14,False,3,True
dccb63727f2f5f74,2018-01-14,False,4,True
dcdd511ff757f15c,2012-03-02,False,2,False
dd12382f28296f7b,2017-11-25,True,1,False
dd37fd509af89f15,2005-04-09,True,8,True
dd4c16777fb2ccf9,2014-12-12,True,3,True
dd6103dd7127db1d,2022-04-09,True,4,True
dd8aec6de7035943,2008-08-09,False,2,False
dd992d569aaebee6,2008-07-19,False,1,False
dda15dbfafb792df,2023-09-09,True,4,True
ddbe4fa2ea573393,2013-04-13,False,1,False
ddf3e0ea10ea6d8c,2014-11-08,False,2,False
de12bd65e2f46478,2012-01-20,False,2,False
de45aaae23dfa392,2014-10-25,False,3,True
de594b35c45c2e9a,2023-11-04,True,4,True
de62052b2ede65ba,2007-12-08,True,3,True
de75d1c45a39e221,2013-11-16,True,6,True
dea070ed4a2a8281,2013-08-03,False,5,True
dee294e9717012c2,2020-07-18,False,4,True
df05aa15b2d66f57,2009-08-29,False,4,True
df1eb4354d18a906,2015-08-08,True,5,True
df2bf09c99594848,2010-03-31,False,4,True
df5a77121ba84a5d,2000-11-17,False,1,False
dfae5da5676e4194,2014-07-19,False,4,True
e00a3dee329a51f7,2020-03-07,False,3,True
e023fa2e648ea0f1,2015-06-27,False,3,True
e091482fa6648261,2006-01-16,False,3,True
e09dbbd5fe3f0fe2,2001-02-23,False,1,False
e0b0cf71e0d69dd0,2020-11-14,True,2,False
e0b74df14f52cd15,2004-04-02,False,1,False
e0c6edcb5b5d0b90,2023-06-24,True,5,True
e0ec3c3b6b611f7e,2003-04-25,True,4,True
e0f7c4f3f67bc808,2003-06-06,False,3,True
e0f959f65d0406b4,2019-11-16,False,1,False
e1147d3d2dabe1ce,2012-12-14,True,6,True
e1248941344b3288,2016-11-26,True,5,True
e132d47bd9efbbe0,2021-03-13,False,6,True
e13abac8089a801a,2019-10-05,False,4,True
e14b5aa06eea9653,2012-12-08,True,6,True
e17ac6410c8377f4,2015-04-11,True,2,False
e18a19001a3f7c7d,2013-12-14,True,4,True
e1d40e8782d80bc2,2022-09-03,True,3,True
e25bcbcdaf6537a1,2012-04-14,True,3,True
e26882820f9e8df5,2010-11-20,False,2,False
e26bd53b751d61d9,2020-10-03,False,3,True
e2b8186b618b00c4,2011-06-04,True,3,True
e2be0c1a9b886d92,2024-02-03,True,3,True
e2ccd9a9ace60de7,2018-09-15,True,4,True
e2f6b2769aaedd6c,2019-05-04,False,5,True
e361e5c858af6ff1,2005-04-09,True,3,True
e363b21261814830,2012-06-23,True,3,True
e375cb5caf4717b6,2022-04-09,True,3,True
e3964ece586e0635,2023-09-02,True,4,True
e4277e87a789d687,2011-10-29,False,2,False
e45cfa47f504033a,2016-09-10,False,3,True
e4770d5ed44a3970,2005-08-20,False,1,False
e4a47b07044ddd72,2021-04-10,False,4,True
e4a9dbade7c7e1a7,2010-02-06,False,1,False
e4aaaa34535e32b6,2012-01-20,True,2,False
e4ba58725825412d,2022-06-04,False,5,True
e4bde462b043d3e1,2000-04-14,True,1,False
e4d2564ea0e34e2b,2016-01-17,False,2,False
e4e0f310b3cf23a8,2015-02-28,False,1,False
e4faa79383c9f214,2024-05-04,False,3,True
e5010b1b94ca5755,2014-10-04,True,7,True
e503aa5c252a1b4d,2011-12-03,False,1,False
e50cd77732d39967,2014-12-12,True,3,True
e51e5cb722bd47a8,2014-02-22,False,7,True
e51ee8ded927fc51,2015-07-18,False,2,False
e51fcd9cd84c0b93,2013-05-18,False,4,True
e530df53922f413e,2024-03-23,False,1,False
e5549c82bfb5582d,2021-11-06,True,6,True
e56daf7725a0b5ab,2011-06-04,False,4,True
e56df3c1d8b4b1cc,2001-11-02,False,1,False
e57fdbea1b828202,2011-12-10,True,3,True
e5bda12faabfc850,2015-12-19,False,5,True
e5c38954c006f15c,2006-08-17,False,1,False
e5c9de15bb58b1c6,2009-02-21,True,6,True
e5ca2bc2451a5956,2014-07-16,False,1,False
e5d03e4d966126bd,2010-03-31,False,1,False
e5ecaf884b6da2bc,2012-04-21,True,3,True
e6147d5ab3685899,2011-07-02,False,2,False
e64b96c07d7ce999,2014-05-24,True,4,True
e670f8cc2969a789,2006-11-18,False,1,False
e6c5908910cc26e4,2012-01-28,True,4,True
e70de1859b7ee78e,2015-01-24,False,2,False
e741536153227386,2003-04-25,False,1,False
e76d9f656ceb82ab,2015-04-11,True,1,False
e78f601035d677f2,2009-12-05,False,1,False
e7bba7ce4d6c7b07,2019-03-30,True,7,True
e7e01e266a9d4342,2021-02-27,True,3,True
e7ec11096eac0282,2000-06-09,False,1,False
e7f51d9f9e9259e7,2019-04-27,False,2,False
e7fe5315b1efeb92,2014-07-06,False,2,False
e81dd0bb8a64b550,2016-11-19,False,2,False
e82d5f54daa85a7e,2015-06-27,False,1,False
e86bc32f5997a8f7,2006-08-17,True,5,True
e872e9a9a902c045,2016-07-13,True,4,True
e87a13e02c01331d,2020-08-08,False,2,False
e8b731feff72294b,2016-11-05,True,4,True
e8fe9c15d348e778,2023-07-22,False,3,True
e90a2f22417af68e,2022-03-12,True,3,True
e9213f53ddeca978,2014-07-06,False,4,True
e92901944ce91909,2022-06-04,False,1,False
e93b04e308913c2e,2014-11-22,True,3,True
e94085e821bd81de,2020-12-12,False,6,True
e979c76341f19b22,2017-04-15,True,3,True
e99821959a840bb8,2019-08-31,False,3,True
e99eb0ef25885de5,2024-03-16,False,2,False
e9a3aeb207578eea,2013-04-06,False,4,True
e9ac7bfb65c25497,2018-03-17,False,4,True
e9bc5748e6a76bb6,2017-06-10,False,2,False
e9e1acc96536bb4f,2009-12-12,False,2,False
e9e7e1c8ff289e1b,2014-11-15,False,1,False
ea3dcc417c322064,2018-11-24,False,2,False
ea3ef6206c7907d5,2005-02-05,False,3,True
ea7e5bc78d9de658,2019-09-28,True,4,True
eaa9402e5a7990ad,2023-05-06,False,1,False
eabf206b162b3b83,2016-12-17,True,5,True
eae431e70064e046,2016-11-19,True,5,True
eae48ff31db420c2,2019-04-20,False,4,True
eae4aec1a5a8ff01,2009-01-17,False,1,False
eaea0fc7b76525a8,2010-01-11,False,4,True
eb04b9d31e938edb,2015-07-12,True,3,True
eb1723480fa2f96c,2001-02-23,False,5,True
eb29176b03dfa888,2006-05-27,False,4,True
eb393afdbe3293d5,2023-01-21,True,3,True
eb70e786bbdf1d16,2023-09-02,False,2,False
eb8d8c2a95cfccb8,2022-01-22,True,4,True
ebc1f40e00e0c481,2009-02-21,False,7,True
ebc5af72ad5a28cb,2003-11-21,False,1,False
ebef46976554f975,2018-12-15,False,4,True
ec0dcceace7d25a3,2021-04-24,False,2,False
ec13c393d029297d,2023-11-04,False,4,True
ec18eb918121787c,2019-08-10,False,3,True
ec2d13a87d3d9541,2014-04-16,False,3,True
ec33146e43e58933,2009-04-18,False,2,False
ec34349e7dffcde7,2014-07-16,True,4,True
ec52462a1b41f714,2016-11-19,True,5,True
ec664422b22d9787,2016-11-26,True,4,True
ec71a892fada28c7,2014-11-15,True,4,True
ecdf14f4f8643d39,2011-10-01,False,2,False
ece280745f8727b8,2011-03-19,False,3,True
ed209f6618c82e41,2012-06-23,True,2,False
ed2a8cc402173781,2020-08-01,False,2,False
ed73c85164a5f5a4,2002-05-10,False,1,False
ed74afc8b5b47a61,2013-06-08,False,4,True
ed9d8ee3a4239b1c,2015-10-03,True,5,True
edad57b3dddf2168,2012-01-20,False,3,True
edd02825c29028fe,2015-11-21,True,4,True
edd8d5d8089a35f8,2009-06-20,False,1,False
ee18ff42063174df,2019-09-07,True,2,False
ee457ef1e1c326c1,2000-11-17,True,1,False
ee4b670e159f4a33,2007-12-08,False,1,False
ee624ee2a18f2a43,2011-09-17,False,2,False
ee779c43a8926d52,2005-11-05,True,6,True
ee9d73f4fee9cbdd,2007-07-07,True,3,True
ee9ebceabfd16fa7,2014-02-01,False,6,True
eea0274e153256a0,2010-12-04,True,3,True
eeabcd4dc6619129,2015-08-23,False,2,False
eebc23626e38f5dc,2019-09-07,False,3,True
eee0ef3e2b14816b,2020-08-15,True,4,True
eee7dafac7d672b5,2013-07-06,True,2,False
eef9b891edbd4604,2010-09-25,False,4,True
ef1182eb28c17d4e,2020-10-17,False,2,False
ef44e4ea9050f2ea,2018-10-27,False,2,False
ef5dcb10d2bd4b0f,2023-09-02,False,5,True
ef7fa30364cbe7f2,2011-10-29,True,5,True
efa1f6b42c86793c,2017-11-18,True,3,True
efb96bf3e9ada36f,2017-11-25,True,4,True
efb9a43415a56d34,2014-03-01,False,2,False
efc67b07eed39794,2021-10-16,False,4,True
efd2b3e9bb7965a4,2017-11-25,False,1,False
eff47295daf721a6,2007-06-12,True,5,True
effd9de9937996f8,2013-02-02,True,7,True
f00ac08ab056af5d,2020-10-10,True,3,True
f0264252e191da22,2005-04-09,False,1,False
f046d724d2a84ac5,2017-04-08,True,6,True
f0abbb6f3444dae7,2005-02-05,True,4,True
f0fad0e9f3b65752,2020-11-07,False,2,False
f0feeb2192937424,2014-12-12,True,3,True
f1175ea3aafbf351,2017-11-25,False,2,False
f12f979b657ab876,2007-12-08,False,1,False
f14cf73e51b29254,2018-11-24,False,3,True
f14f644d41ade29f,2021-09-25,False,7,True
f166e93d04a8c274,2023-05-06,False,7,True
f1928a52590c5532,2018-02-18,True,5,True
f1ab6f37492c630a,2024-06-15,False,4,True
f1b2a4365799c48b,2006-08-26,False,4,True
f1b2aa7853d1ed6e,2015-07-12,True,5,True
f1d64ae34e088832,2019-05-18,False,5,True
f1f37d667bcd0d27,2011-01-22,False,1,False
f1f9e48a0d150757,2008-12-10,True,3,True
f1fac969a1d70b08,2014-11-08,False,6,True
f215cfbd4ba3c270,2015-04-11,False,5,True
f2477cf43c4975cc,2018-10-27,False,6,True
f264ba50b007f39e,2024-04-06,True,2,False
f2688492b9a525a3,2007-02-03,True,5,True
f2900678e98f6d6a,2024-02-24,True,3,True
f2925e6db404bf1d,2002-05-10,True,6,True
f29a6350c69f4a33,2020-10-24,True,5,True
f2ad06f1007c481a,2014-04-11,False,2,False
f2b3f4ef3f780168,2023-09-02,True,5,True
f2b6fdb20675b11c,2016-08-20,True,8,True
f2c8ebbeafd45f2b,2002-05-10,False,1,False
f2f140ce7532e327,2023-03-18,False,4,True
f300763147320d12,2020-10-24,False,1,False
f3388d2cf7ab3f64,2006-03-04,False,3,True
f34312c2ccfa0e00,2005-10-03,True,7,True
f3a078277b3b8ff4,2014-09-20,True,3,True
f3a853544e4413c4,2013-11-16,False,2,False
f3ca6908f78efebe,2023-07-08,False,2,False
f40ec51dd4de47c3,2015-05-09,False,2,False
f41b9f5efc7162d6,2023-02-18,True,4,True
f4c49976c75c5ab2,2013-04-06,True,5,True
f4d92416da98804b,2023-07-15,False,3,True
f50d95223751e6ca,2014-01-04,True,4,True
f53c1f4ceeed8c08,2013-11-09,True,6,True
f53d4f21d1b5f2dc,2014-06-28,True,5,True
f5431394fb284bb9,2010-02-20,True,3,True
f5779a2303ed76ec,2024-04-06,False,5,True
f57a8a52ca401ed9,2003-09-26,True,5,True
f57dd0bfa8c17813,2017-12-30,False,5,True
f5990c11974d8e9c,2009-05-23,False,6,True
f59e9e49ef85b469,2011-06-11,False,4,True
f59f1d3a2ff13edd,2006-08-26,True,3,True
f5f6419c5f00abad,2018-07-06,False,1,False
f5ff7bcdcfeba3ad,2004-06-19,True,4,True
f626118b6da0e020,2021-08-28,True,5,True
f65dcb22dada2223,2013-11-30,True,4,True
f6ad6a1e4d600e0d,2021-01-20,False,4,True
f6bcbd91b114ff58,2020-08-01,False,3,True
f6e5972c9d16c40e,2020-10-31,False,2,False
f703250471acaf96,2021-03-20,False,3,True
f7467152fd9f18a2,2019-02-02,False,3,True
f748267c4ab6c127,2020-07-25,False,2,False
f74e037b97917027,2008-07-19,False,1,False
f75c5ca0d91b9115,2018-07-06,False,1,False
f77c68bb4be8516d,2013-04-20,True,5,True
f797f0c57a83353e,2013-07-27,False,6,True
f7a7f7118d4b01b6,2007-02-03,True,6,True
f7be1db194e03d7e,2024-04-06,False,2,False
f7d73e452b064bf2,2017-07-16,True,3,True
f86cb5f25d545e0e,2017-03-04,False,3,True
f8dc544e7077d014,2006-06-28,True,3,True
f8f1ec513bcfef43,2020-08-08,False,2,False
f8fe2053d73d7bcf,2009-02-07,True,4,True
f9081770e28ea2e1,2015-08-01,True,3,True
f923e012414c883e,2018-04-14,True,4,True
f95381efb3051d81,2012-06-23,True,4,True
f96856f9d69fd7e4,2024-02-10,False,2,False
f97c5433c77522d3,2019-07-06,False,2,False
f998f5c102250d6e,2022-04-30,False,4,True
f9a20a17d712ef7c,2019-08-03,False,2,False
f9ab66e67240db7b,2021-01-16,True,5,True
f9ae6914f604aa9f,2014-09-20,False,2,False
f9b200db02b488d9,2016-07-13,False,5,True
f9d0cae37dabfafc,2020-05-13,False,6,True
f9f07bb5a43535ed,2009-04-01,False,4,True
fa07345cc9db5cc9,2023-08-26,True,3,True
fa315e6c77eee106,2005-10-03,True,4,True
fa37628269132d1a,2012-06-23,False,5,True
fa6796c55d6c5440,2016-04-10,False,6,True
fa8b9e6b0c2269f8,2006-09-23,False,2,False
fae67903c4fe636b,2013-06-08,True,2,False
fb1538b46877a695,2005-10-03,True,5,True
fb3e61720be4690c,2019-04-27,False,3,True
fb41432b622992a9,2015-06-20,False,3,True
fb79582c410d049e,2014-05-31,False,2,False
fb8a3025ae722e64,2013-03-16,False,4,True
fba03cd6cc28dc41,2016-05-08,True,6,True
fbf0537e420e698e,2017-07-16,False,4,True
fbf0947399d14323,2011-06-04,False,4,True
fc08099550072fe4,2022-10-29,True,6,True
fc169c387b4b465d,2013-11-30,True,5,True
fc31f896cde2bc2e,2009-01-31,True,6,True
fc60ecf0671b9489,2013-11-30,True,2,False
fc6e681bf6658faf,2014-12-06,False,3,True
fc9a9559a05f2704,2011-03-19,False,4,True
fcce75a25c14a804,2016-04-10,True,6,True
fccf811c1e8b01c7,2016-07-08,True,4,True
fcd448a2fe1a23cc,2013-04-27,False,5,True
fcffee71cff5530e,2005-04-09,True,6,True
fd406a32a6fb3a29,2023-03-18,True,4,True
fd55393021a8c255,2012-09-29,True,4,True
fd5b6598a3b70c0a,2010-06-19,False,4,True
fd7ab338e4953644,2023-09-02,False,1,False
fd87b1bbfcde9d5e,2009-08-08,False,1,False
fdbefee0827e1567,2017-11-25,False,3,True
fdf18227faa596dd,2012-04-21,False,2,False
fdfef29ba17ee525,2005-04-09,False,1,False
fe2babf95de24fb1,2022-12-10,True,5,True
fe435e440b5de0ff,2010-10-23,True,5,True
fe5a9547479396ab,2014-04-11,True,3,True
fe5ca7ef93c3f6a7,2015-09-26,False,1,False
fe91d254db77a7fc,2013-02-02,True,5,True
fea79f9bc8c68769,2017-06-03,False,5,True
fea8acf9bfcf09ec,2012-04-14,True,3,True
feaf00f3373435d6,2015-12-11,True,3,True
feedf3053472fe56,2023-09-09,True,5,True
fef3d17e27e916e7,2012-01-14,False,4,True
ff2c606c8bc365e3,2005-04-09,False,1,False
ff4c3ab594c7fac3,2012-06-01,False,4,True
ff62013d2fce6d13,2023-02-18,True,4,True
ff6a1f63c254127e,2014-02-15,False,6,True
ffc088e64fab57e9,2007-02-03,True,5,True
ffc3e6daaa6da0b7,2011-12-03,True,3,True
ffd3224638c01b57,2024-04-06,True,5,True
ffdeb4fbea09ce75,2013-11-30,False,2,False
ffe9703408fb5964,2021-10-23,False,5,True
