weight_class,n,successes,rate,low,high,eligible_comparison
Bantamweight,412,92,0.22330097087378642,0.18574826688132756,0.26596585357554864,True
Catch Weight,39,7,0.1794871794871795,0.08977265473219115,0.32668045661881623,False
Featherweight,457,93,0.20350109409190373,0.16913194035977303,0.24281332885819978,True
Flyweight,224,49,0.21875,0.16960434750594763,0.27737953044069485,True
Heavyweight,246,48,0.1951219512195122,0.15044668324509156,0.24917257647252092,True
Light Heavyweight,270,60,0.2222222222222222,0.17672473495323054,0.2755130648087953,True
Lightweight,686,154,0.22448979591836735,0.1948500369206469,0.2571979732899847,True
Middleweight,454,97,0.21365638766519823,0.17843690543245821,0.25368092708164663,True
Open Weight,8,1,0.125,0.02241749145005667,0.4708881822128535,False
Other / unspecified,1,0,0.0,0.0,0.7934506856227626,False
Welterweight,657,151,0.2298325722983257,0.19928732824758388,0.26351877257799705,True
Women's Bantamweight,149,32,0.21476510067114093,0.15643634438513318,0.28743182688299307,True
Women's Featherweight,17,4,0.23529411764705882,0.09555044322080117,0.4726179811956498,False
Women's Flyweight,173,35,0.2023121387283237,0.14921819051029772,0.26833920419296936,True
Women's Strawweight,245,54,0.22040816326530613,0.17304058964393376,0.27640806473516993,True
