fighter_id,fotn_fight_appearances,fighter_name
9e8f6c728eb01124,11,Justin Gaethje
64a50dad704d1d49,10,Edson Barboza
029eaff01e6bb8f0,10,Dustin Poirier
d247691a6c0e9034,8,Cub Swanson
8355922d564b152c,8,Nate Diaz
f2688492b9a525a3,8,Frankie Edgar
150ff4cc642270b9,7,Max Holloway
82e7929bf6c2b689,7,Diego Sanchez
d1941565abf50b16,7,Jim Miller
3bad7ef643840f67,7,Joe Lauzon
501b07aec9b8fc2d,6,Sam Stout
18968f97ad34f15c,6,Jeremy Stephens
6e15f63b6c2e2c15,6,Brandon Royval
91acd6910b802a9e,6,Chris Lytle
c47df9303d318c67,6,Clay Guida
22a92d7f62195791,6,Tony Ferguson
1d00756835ca67c9,6,Donald Cerrone
2b93ebd9f5417ad2,5,Michael Bisping
8c0580d4fff106c1,5,Kelvin Gastelum
519e4fe37ce9ff75,5,Drew Dober
cbf5e6f231b55443,5,Yair Rodriguez
751de04455cfaac0,5,Calvin Kattar
20205040232ed0f3,5,Tyson Griffin
fcffee71cff5530e,5,Forrest Griffin
f9f07bb5a43535ed,5,Carlos Condit
f77c68bb4be8516d,5,Yoel Romero
f2925e6db404bf1d,5,Robbie Lawler
a331233f597090a5,5,Bryan Barberena
a1f6999fe57236e0,5,Wanderlei Silva
e1248941344b3288,5,Alexander Volkanovski
e1147d3d2dabe1ce,5,Robert Whittaker
def8166ff24bd237,5,Brian Ortega
1f454354805b6f75,5,Anderson Silva
6a1901c62ab3870f,5,Jessica Andrade
d661ce4da776fc20,4,Petr Yan
8a59d346dc976a10,4,Thiago Tavares
c814b4c899793af6,4,Rafael Fiziev
f9b200db02b488d9,4,Lando Vannata
6bd02119599741a4,4,Pedro Munhoz
7aa3d6964eff4877,4,Alex Caceres
79899ecf62020f6d,4,Joe Stevenson
1ccf4e7caff270df,4,Dan Henderson
10f3ba6cd2f44a97,4,Dominick Cruz
c945adc22c2bfe8f,4,Brad Pickett
7ff97850e8c32bda,4,Glover Teixeira
31123249b0bbf52e,4,Matt Brown
792be9a24df82ed6,4,Brandon Moreno
13a0275fa13c4d26,4,Jared Cannonier
e93b04e308913c2e,4,Dooho Choi
e5c9de15bb58b1c6,4,Evan Dunham
07f72a2a7591b409,4,Jon Jones
d0f3959b4a9747e6,4,Jose Aldo
2f732dd9210d301f,4,Tito Ortiz
f53d4f21d1b5f2dc,4,Diego Ferreira
6d4b63c767106d3a,4,Vicente Luque
f166e93d04a8c274,4,Diego Lopes
cf65d56b0755ed3b,4,Alan Jouban
3c6976f8182d9527,4,Alexander Gustafsson
98d961097baaf308,4,Shane Burgos
887961364be5ceb3,4,King Green
f0feeb2192937424,4,Angela Hill
07225ba28ae309b6,4,Charles Oliveira
140745cbbcb023ac,4,Mauricio Rua
eb29176b03dfa888,4,Matt Wiman
6506c1d34da9c013,4,Georges St-Pierre
ff62013d2fce6d13,3,Nazim Sadykhov
ffc088e64fab57e9,3,Quinton Jackson
029880cdbf5ca089,3,Sean Sherk
fcd448a2fe1a23cc,3,Gian Villante
6a2f7c151031653d,3,Rafael Dos Anjos
6d1bffff14897645,3,Santiago Ponzinibbio
f7a7f7118d4b01b6,3,Lyoto Machida
eef9b891edbd4604,3,Mark Hunt
e5010b1b94ca5755,3,Paul Felder
193b9d1858bc4df3,3,Dan Hooker
7c7332319c14094c,3,Marlon Vera
764342d39cdaa54a,3,Frank Camacho
8a304bfd6bf04a57,3,Demetrious Johnson
5866fc86183a9fb8,3,Erick Silva
d1a1314976c50bef,3,Josh Neer
d1c65d2cf2925ddd,3,Gregory Rodrigues
511e82663651438d,3,Michael Johnson
cbd5d3cdd862e90e,3,Rory MacDonald
cb52f9490c2dc069,3,Sean O'Connell
cb139171ed1b69fe,3,Kenny Florian
849c5d9979df5357,3,Mateusz Rebecki
275aca31f61ba28c,3,Islam Makhachev
daf1b84aebd6602b,3,Roger Huerta
dea070ed4a2a8281,3,Thiago Santos
18d01f7f8338ae72,3,Vinicius Oliveira
60425d07ef4b91a7,3,Kyler Phillips
5f87a5c00b3d17ed,3,Dennis Siver
853eb0dd5c0e2149,3,Kai Kara-France
579fcdfcabd23a7b,3,Brian Stann
d3df1add9d9a7efb,3,Derrick Lewis
578ef12674df1e6a,3,Irene Aldana
d28dee5c705991df,3,Stipe Miocic
6fb1ba67bef41b37,3,Nik Lentz
7acbb0972e75281a,3,Marvin Vettori
72db2a14ffa73ece,3,Mateusz Gamrot
e0ec3c3b6b611f7e,3,Hermes Franca
113df4fde64735c6,3,Davey Grant
7447e9f28508106a,3,Mackenzie Dern
8e9eb3fc86db0f7d,3,Marc-Andre Barriault
c849740a3ff51931,3,TJ Dillashaw
c03520b5c88ed6b4,3,Merab Dvalishvili
917e53fa0adea0d3,3,Leonard Garcia
2676b28836a5a836,3,Benson Henderson
c96d9178c9ed9e62,3,Tim Elliott
40093d1d2d78394e,3,Charles Rosa
2c99576fefe53c7c,3,Renan Barao
c268b2cfebccf652,3,John Lineker
c451d67c09c55418,3,Chan Sung Jung
b50a426a33da0012,3,Sean O'Malley
b9f28e7045fdfce7,3,Raoni Barcelos
9ce6d5a03af801b7,3,Darren Till
3a8176e15b9887c1,3,Chris Weidman
8adcbd525fab8d9b,3,Elizeu Zaleski dos Santos
9d19d9e4aa2662e8,3,Nicolas Dalby
86f582852a5b240a,3,Mac Danzig
a6cba6bb66c1a8c9,3,Danny Roberts
323d4ca260dfa0ba,3,Esteban Ribovics
4f732e58ed907eff,3,Ross Pearson
b7d524c77c27389b,3,Marcus Davis
b0550072e5f0afa7,3,Yoshihiro Akiyama
aa72b0f831d0bfe5,3,Deiveson Figueiredo
47b63240018d5d86,3,Rose Namajunas
47b9e0e7703a4868,3,Jorge Masvidal
3d6749c4267da18f,3,Joanna Jedrzejczyk
9b74de674c355425,3,Paul Taylor
a54fc2d6fc224dc3,3,Jamie Varner
4b93a88f3b1de35b,3,Michael Chandler
4a28cb716c19157a,3,Stephen Thompson
f34312c2ccfa0e00,3,Spencer Fisher
63def5a5662a6917,3,Junior Dos Santos
0941df56f6ac954b,3,Johny Hendricks
fba03cd6cc28dc41,3,Josh Emmett
aa171d55d4b5208f,3,Billy Quarantillo
f1b2aa7853d1ed6e,3,Kamaru Usman
0d7b51c9d2649a6e,3,Dricus Du Plessis
0b64d0fed453ef7f,3,Scott Jorgensen
0a97691039c4bbfb,2,Mark Hominick
0aa92558424ced9e,2,Randy Couture
0d65c432720accb9,2,Michal Oleksiejczuk
f1d64ae34e088832,2,Charles Jourdain
f2b6fdb20675b11c,2,Mike Perry
f4c49976c75c5ab2,2,Conor McGregor
e64b96c07d7ce999,2,Li Jingliang
6da99156486ed6c2,2,Joshua Burkman
6f018c039b4d5d80,2,Jon Fitch
634e2fb70bde3fd5,2,Holly Holm
0359313549d230a1,2,Pete Sell
04d5718ed2661e8c,2,Jorge Gurgel
05339613bf8e9808,2,Rob Font
06734ca9d88dec3a,2,Shara Magomedov
06f36cf4bd97ec77,2,Ed Herman
fb1538b46877a695,2,Jonathan Goulet
f6ad6a1e4d600e0d,2,Mason Jones
4130a743d9d22163,2,Alan Belcher
4148802ae4a50768,2,Daniel Zellhuber
37ed1ab2f8b819f4,2,Brad Riddell
a845f0735bc67405,2,Jake Matthews
aa1952ec0b3dd8e1,2,Kurt Pellegrino
aa5b4eff51bdc7d1,2,Gilbert Melendez
aac5ac38148f0528,2,Paul Kelly
a01e84abefd85ec0,2,Pascal Krauss
a0f0004aadf10b71,2,Alexandre Pantoja
4461d7e47375a895,2,Tatsuro Taira
46baf0f57edfa4df,2,Joey Beltran
48a9a128784d53d1,2,Elves Brener
48d1f690b763934c,2,Chael Sonnen
3cf66c62d9069f43,2,Lucie Pudilova
a20f234df70f2182,2,Ji Yeon Kim
a390eb8a9b2df298,2,Chuck Liddell
a495f599e787614f,2,Alonzo Menifield
427b5953ac8e3a27,2,Demian Maia
9c907996820d2d69,2,Jimmie Rivera
31ee470ef5dc8d7f,2,Thiago Alves
3236bf606fe9fa5b,2,Travis Browne
b5b684eac99ae0a3,2,Chad Mendes
b67d6bacc68d4c92,2,Daniel Santos
b7b84ccd221be298,2,Nasrat Haqparast
b93c06d09d1c4ac0,2,Steven Peterson
af5b208e97f5d382,2,Wilson Gouveia
af9f42e6894047fc,2,Jamie Mullarkey
b1a3e0aca758b322,2,Derek Brunson
b1b0729d27936f2f,2,Belal Muhammad
3df5493bb279226f,2,Amanda Lemos
c2299ec916bc7c56,2,Benoit Saint Denis
b959e8c7fd8390d2,2,Kyle Kingsbury
b96619b3acd7d9da,2,Miesha Tate
b9d0fd83bb8a147a,2,Keith Jardine
bfc2fc38a0e20211,2,Matt Grice
3be081c29bf734d9,2,Takanori Gomi
98b80a717b9bda17,2,Matt Hamill
9abc648e76c4493a,2,Bill Algeo
8b69839f3555a67b,2,Martin Kampmann
8bdac25ce0bb874d,2,Ronda Rousey
8f6a18831a120817,2,James Krause
8fd808923cffff82,2,Andre Fili
902ec2cc48c8ae8a,2,Julian Erosa
cc8c623cca88f54f,2,Mayra Bueno Silva
ccd1299e0345e0ce,2,Melvin Guillard
c58f51dedb310998,2,Michael Chiesa
c742287ed86a09bc,2,Jessica Penne
cad24459b28592ca,2,Eryk Anders
361d49960a196976,2,Daniel Pineda
3738e68d2261e60f,2,Andrei Arlovski
52cae54377b433b7,2,Nate Quarry
52ef95b5860fb28c,2,Jean Silva
5442f1bc4b47eaf3,2,Chris Curtis
5444c5a201d3ee5a,2,Jamahal Hill
54f64b5e283b0ce7,2,Ilia Topuria
87aa9fb63d6b51a1,2,Zabit Magomedsharipov
896c322f56b8be5a,2,George Sotiropoulos
813550bc53b15fb0,2,Yancy Medeiros
57b10fca4f9c9a7a,2,Alex Oliveira
583ee11abddfc581,2,Nate Landwehr
d43a048a880efdff,2,Chris Leben
d0314416a7f26527,2,Michael McDonald
d0e1b42d41dab603,2,Julian Marquez
cbb682f5fcc44bfc,2,Anthony Pettis
2e5c2aa8e4ab9d82,2,Paulo Costa
2f181c0467965b98,2,Brendan Allen
2f95a3c6d58b2aad,2,Iuri Alcantara
595db60957de51d3,2,Michel Pereira
5987b2458f4b5290,2,Ricky Simon
5b03b61f9d90125e,2,Morgan Charriere
82529ce93cd9a2cf,2,Anton Turkalj
84ff027394f7e470,2,Gregor Gillespie
7be14eaed4c74856,2,Brian Kelleher
5f04e3d58d9ce982,2,Yves Edwards
5f179af5fffeb9f6,2,Cortney Casey
621a6c59f88a44fe,2,Matt Hughes
d967f0128c323de6,2,Daniel Cormier
dc9572dd6ec74859,2,Colby Covington
dd37fd509af89f15,2,Josh Koscheck
de75d1c45a39e221,2,Sergio Pettis
270b89c00ef0c55c,2,Gabriel Gonzaga
7c9c6a884be167fe,2,Jin Soo Son
7d96bc577e5178b2,2,Gray Maynard
80dbeb1dd5b53e64,2,Nam Phan
7772b283d288dbe2,2,Guram Kutateladze
7a703c565ccaa18f,2,Jacare Souza
6f242453c91a5af0,2,Dennis Bermudez
1e1dbd1cc5a7469e,2,Jimi Manuwa
d897897060f10a3a,2,Rich Franklin
d8c7c61b176e3994,2,Cody Garbrandt
203c957eac95dd87,2,Hyun Gyu Lim
23459ee7e373b98f,2,Jared Hamman
234f3767ff0e5701,2,Kendall Grove
17e97649403ba428,2,Joshua Van
1338e2c7480bdf9e,2,Israel Adesanya
16690d100f995f8f,2,Omari Akhmedov
eae48ff31db420c2,2,Arman Tsarukyan
ebc1f40e00e0c481,2,Stefan Struve
ec34349e7dffcde7,2,Claudia Gadelha
ee779c43a8926d52,2,Rashad Evans
ee9d73f4fee9cbdd,2,Antonio Rodrigo Nogueira
701e057d63c124d9,2,Ian McCall
658c3465581ae46b,2,Pat Barry
65f09bacd3957381,2,Cory Sandhagen
67c1d46f4ed16f9e,2,Matt Schnell
73c7cfa551289285,2,BJ Penn
73e09f837f3b5ecc,2,Rogerio Nogueira
6b453bc35a823c3f,2,Jack Della Maddalena
effd9de9937996f8,2,Tyron Woodley
fd5b6598a3b70c0a,2,Seth Baczynski
00e11b5c8b7bfeeb,2,Luke Rockhold
009341ed974bad72,2,Jiri Prochazka
01b352b6a9074d5c,1,Chase Sherman
008ea710276c9606,1,Jeff Molina
01641ba5df0c69b0,1,Gabriel Bonfim
fa8b9e6b0c2269f8,1,Jason Dent
fa6796c55d6c5440,1,Curtis Blaydes
fa07345cc9db5cc9,1,Billy Ray Goff
f8dc544e7077d014,1,Jorge Santiago
f7d73e452b064bf2,1,Danny Henry
0b31f87be71ebbb1,1,Ben Askren
0d0351c20169a499,1,Jon Delos Reyes
0d8011111be000b2,1,Sean Strickland
f5431394fb284bb9,1,James Te Huna
f57a8a52ca401ed9,1,Nick Diaz
f5990c11974d8e9c,1,Mike Pyle
f1ab6f37492c630a,1,Carli Judice
f2c8ebbeafd45f2b,1,Aaron Riley
f4d92416da98804b,1,Bassil Hafez
e7bba7ce4d6c7b07,1,Casey Kenney
e872e9a9a902c045,1,Katlyn Cerminara
e8b731feff72294b,1,Alexa Grasso
12f91bfa8f1f723b,1,Joanne Wood
132f860d02953f4c,1,Goran Reljic
14aa21bc82cac57d,1,Iliarde Santos
165c244bcca3ed26,1,Seo Hee Ham
69898645d600abdb,1,Rodolfo Bellato
69b69c0178c4004d,1,Antoni Hardonk
5bf31a46becc1204,1,Michael Trizano
5c1ca0c72b599a3c,1,Rafael Cavalcante
5cdf5339728f580d,1,Felipe dos Santos
5d1b7e3dd9e11074,1,Manel Kape
7026eca45f65377b,1,Jared Gordon
710f0f8c5d5c9d41,1,Lucas Almeida
71171fc96445bf65,1,Vitor Petrino
729d4bd5a6cd0a97,1,Lauren Murphy
739fd4fbb5d862f4,1,Rizvan Kuniev
7413b80dbb0f8f9f,1,Lucas Martins
749f572d1d3161fb,1,Khalil Rountree Jr.
6add18754930182b,1,Julius Walker
6b0a6def604de298,1,Tommy McMillen
6bf5a7d3e081ade2,1,Anthony Njokuani
80d918336163b80c,1,Tatsuya Kawajiri
75e5fec9f72910ef,1,Gleison Tibau
767755fd74662dbf,1,Khamzat Chimaev
76984112f697631f,1,Leslie Smith
76e2870ffafbe38f,1,Movsar Evloev
771b60ff889661c8,1,Mark Scanlon
78114b7199cef90c,1,Urijah Faber
7826923b47f8d72a,1,Paddy Pimblett
787bb1f087ccff8a,1,Ciryl Gane
7b39035fae7268b8,1,Matt Van Buren
700a674c042b7a96,1,Cody Gibson
64788ee44b062ded,1,Michinori Tanaka
6747ccd6d1acd266,1,Shamil Gaziev
6809c31286b08d97,1,Tom Watson
68c11c27d4d56572,1,Dominique Steele
69037fc7730e4225,1,Steven Nguyen
7bd94b60d7521e4a,1,John Albert
5d7bdab5e03e3216,1,CB Dollaway
5e4eec08896c9423,1,Corey Anderson
5ef0088c1b19beeb,1,Bryan Caraway
5f3805dda9661cba,1,Jason Witt
5fa2974cbd18e05c,1,John Castaneda
601964f9654f911a,1,Tony Gravely
633a45d131192ffe,1,Kajan Johnson
5731cc327790b731,1,Matt Veach
57887765f831e228,1,Roldan Sangcha'an
7be63795363029e8,1,Cody McKenzie
7d420039bbfe7c1a,1,Aoriqileng
7e47047d0971d566,1,Daniel Sarafian
7ea4a9f07df33a45,1,Francisco Rivera
7f1bf0c255ec8756,1,Azat Maksum
80779d7441af1b52,1,Christian Morecraft
59583ff832fe9d68,1,Krzysztof Soszynski
5b2d7906aa894274,1,Mike Massenzio
5b5307450405abf0,1,Rick Story
5b86d491d63890c5,1,Ludovit Klein
5be86bb2f78fef2f,1,Jason Lambert
50d2f0018bcf9eef,1,Pat Healy
50db8711c70196cd,1,Ovince Saint Preux
51018a31ddf31eb2,1,Molly McCann
82b4e942781b1046,1,Raulian Paiva
82d4c957649faf9b,1,Miguel Baeza
8349d55cdecd393a,1,Antonio Silva
84b3e7d38f2d2ec5,1,Neil Magny
8667caa0451d245b,1,Kennedy Nzechukwu
866fd7b1a6c90e7f,1,Dusko Todorovic
7b433309b0fd12aa,1,Brad Katona
7bc96507e4b38d3b,1,Cody Donovan
56c9acc4e86046a2,1,Chris Kelades
4908c5ee68a50ee5,1,Brad Imes
492b202d2064e7a9,1,Fabricio Werdum
4959f10a62f3fec3,1,Cheyanne Vlismas
497ba5b12a4bfc47,1,Jason Brilz
879f6cae48d25baa,1,Justin Lawrence
87f8699fdcc2c404,1,Alice Ardelean
88d7b6d8230e1f3f,1,Saparbeg Safarov
89b8d1bf1ff09d1d,1,Tim Credeur
8a65fd9ba31fd3f7,1,Zhang Mingyang
8a70ceb3edbe757b,1,Andrew Craig
8a9c6c4301f6d088,1,Danny Martinez
814e5233e2acf2ee,1,Charles Johnson
814ff3018127e8fc,1,Ricky Glenn
817e0bdf08efce2e,1,Elvis Sinosic
59279a7c978f7da0,1,Al Iaquinta
99df7d0a2a08a8a8,1,Jan Blachowicz
9a2d3567abc02e34,1,Tae Hyun Bang
8abf70f79e9e27c2,1,Tor Troeng
8b260672a21d1fd6,1,John Cofer
8be158ca1e5ea6a0,1,Dwight Grant
8f0d576beba1cfcd,1,Matt Dwyer
9014c02eff8b3d62,1,Carlos Ulberg
90da09db03e41748,1,Sergey Khandozhko
86dfed7cc24a9fa7,1,Matt Serra
873626e5547b5235,1,Kyle Prepolec
879b8df81523d91b,1,Nick Penner
51e86de150ee8be6,1,Thibault Gouti
5431dccc09118234,1,Lance Benoist
55ed59d541f8b90c,1,Rolando Dy
564c2f5f9eb45d67,1,Mike King
5669b828e7e11329,1,David Kaplan
9d4522df6fc49a47,1,Kuniyoshi Hironaka
9d83f6da776ff7d6,1,Roman Kopylov
9f5609dba6584ab2,1,Regina Tarin
9fa3bd637edd9aa2,1,Patrick Cote
a00ec21cfbba17b6,1,Yui Chul Nam
92a9aa9c93192871,1,Darren Elkins
92b62174c175ce19,1,Clint Hester
93b9496275bbbf80,1,Seth Petruzelli
93ce4ac89e3d7652,1,Luke Cummo
94426bb170c88115,1,Sodiq Yusuff
9450848a71d53776,1,Lorenz Larkin
955da1675ad58a50,1,Josh Hokit
9560ff14eb3129f7,1,Giga Chikadze
98a6b2361045898f,1,Dong Hyun Ma
99506df1af6c8b3b,1,John Dodson
99c7610aa74995d3,1,Cathal Pendred
9ba2226646046b63,1,Frankie Saenz
9c27f3217891f3f0,1,Kris Moutinho
49ee5024966efc0d,1,Mounir Lazzez
4a57ebb14315b251,1,Randa Markos
4b47e71384a9522f,1,Tim Means
4cd8b03aee1d0138,1,Shane Young
4d44f37107f01b9b,1,Tom Lawlor
4d5197f331c47290,1,Paige VanZant
4e0692ad070976e4,1,Lyman Good
4f4dac51adc1af4f,1,Diego Saraiva
42a7e90605df3c8a,1,Damian Stasiak
4304992c2acc187b,1,Bart Palaszewski
436f970c9ea9169c,1,Gabriel Benitez
9c42a0de8e012870,1,Kelly Faszholz
9c44f290f5726d95,1,Martin Bravo
9ccf8371fd80d45d,1,Luan Chagas
a13d755965a4ec9f,1,Rongzhu
4498b382c65a7faa,1,Roxanne Modafferi
45e738622ea2c02c,1,Timur Valiev
473ce3aa581251a2,1,Dan Hardy
4798e823ada58fe9,1,Veronica Hardy
483a953b18d73bb3,1,Deron Winn
484acc7b0f856ce9,1,Ben Saunders
3cf18e01cb6cbde3,1,Sumudaerji
3d5b1ce6097dbb49,1,Augusto Mendes
a149d6bc670cdb60,1,Dustin Hazelett
a17ad5a5048e8c3f,1,Darren Stewart
a26198ba5093147e,1,TJ Grant
a3be148af5c7b088,1,Piotr Hallmann
a56607a451e4c70d,1,Chris Wilson
a6c20202c701e5ca,1,Sasha Palatnikov
9b7694d064a8a0ad,1,Rustam Khabilov
3f52ce18fb98008f,1,Akira Corassani
3f7c14c7eca7195d,1,Roy Nelson
40ff198adda94b9f,1,Mark Eddiva
4126a78111c0855a,1,Caio Borralho
4144798612ef96e5,1,Edmen Shahbazyan
4234f0097c83fa62,1,Sijara Eubanks
37f560436d745c18,1,Nikolas Motta
3920d0cc288f9b0d,1,Francisco Prado
396fe87b84ac2e1c,1,Lerone Murphy
a7897d200692ab64,1,Kyung Ho Kang
a7f4d0902bb64092,1,James Irvin
a8283a4f415e1eb9,1,Francisco Trinaldo
a8e6a69796280f17,1,Nate Marquardt
ab850a77a0fa487d,1,Sean Spencer
ac5a7400da3a9a41,1,Elias Garcia
a12a8314adc1c1c9,1,Laureano Staropoli
ad3f53c454cbbead,1,Josh Barnett
ae7fe94f117f98cf,1,Joaquim Silva
ae81a3ac7b260411,1,Tofiq Musayev
aebaa8cec15b083d,1,Kody Steele
afe8d5b39ff7fca2,1,Louis Cosce
b0d6a1d8ac3d563d,1,Max Griffin
b14a68c533f4a4aa,1,Dokonjonosuke Mishima
b1e5bcaad32a3cac,1,Priscila Cachoeira
b27a1fcb56a3035a,1,Trevin Giles
b2f743746e8dcfa2,1,Jason Black
b369533a577fa97c,1,Dan Christison
a6d8bfe9e0c8153b,1,Kevin Burns
a6eb54ae17a551be,1,Gabriella Fernandes
a7151778b3381036,1,Kurt Holobaugh
3dc3022232b79c7a,1,Brian Foster
3ecd936bd8814108,1,Cat Zingano
3974fa35c917af1d,1,Ricardo Lamas
3a24769a4855040a,1,Diego Nunes
3a314d9fa7c6825d,1,Douglas Silva de Andrade
3a46b268013afede,1,Kevin Holland
3b0a516d2921e0d6,1,Batgerel Danaa
3bb2dc8e87b10a46,1,David Zawada
3c241737a6069b9f,1,Denis Kang
3c660c90d48fc80d,1,Tim Kennedy
32490e80ddab1e5a,1,Song Kenan
b57edace7b647f07,1,Matt Hobar
b6452706b373eea1,1,Renato Moicano
b6c37948cb226e8c,1,Benardo Sopaj
b72a60a0cadff408,1,Louis Gaudinot
b8592b4a383696cd,1,Mitch Gagnon
b9415726dc3ec526,1,Rodney Wallace
b9437600497350f3,1,Joaquin Buckley
c4af2feb4b58bc3b,1,Kazuki Tokudome
c4b6099f0d25f75e,1,Jared Rollins
b9664eae2ac75262,1,Eric Spicely
b997be68943010fc,1,Geoff Neal
ba280572acfba13f,1,Matt Mitrione
bb1a2cdad6ff34db,1,Jason Knight
bb2c3c3a466224af,1,Lone'er Kavanagh
bbfca6d5c27d9cd8,1,Edwin Figueroa
bc711b6dd95c1af6,1,Mario Bautista
bc7230f231701d66,1,Mike Easton
bc7f4b2d4c2724a2,1,Tyrell Fortune
beecb672a279223e,1,Amanda Ribas
bf2c8e01b07d3eb1,1,Myktybek Orolbai
b4192a975027aab6,1,Maryna Moroz
b4537562f88ac582,1,Khalid Taha
b4ad3a06ee4d660c,1,Alistair Overeem
32c355b04fc57f3a,1,Marc Diakiese
33011768c3c4dc9a,1,Terry Etim
33a331684283900f,1,Eddie Alvarez
33efaf2d0941cfcf,1,Andre Fialho
3410cf010558dc8b,1,Scott Smith
349aaa3da11eb587,1,Karo Parisyan
351c4ec637380ad5,1,Karol Rosa
365fee2da473b177,1,Anthony Johnson
2b6fc1c02736833d,1,Umar Nurmagomedov
2dbc60c52de126d8,1,Harry Hardwick
c21a036b4e012f1c,1,John Makdessi
c295de4e10acd4c9,1,Isaac Vallie-Flagg
c2e3e67b5911bfb7,1,Diego Brandao
c32fb8c0f6471a4d,1,Mirko Filipovic
c3bd649a9194e50c,1,Jeremy Larsen
c487223b0289bda9,1,Hector Aldana
cdb96af67d096b1e,1,Alex Morono
cfb65863d5099327,1,Thales Leites
c5af5750e8bae4f0,1,Kyle Bochniak
c62fbc117d57b943,1,Tai Tuivasa
c68c68efaa5ca6ef,1,Chidi Njokuani
c6a33ff198aaaeeb,1,Stephan Bonnar
c6aee362c7a7d482,1,Randy Brown
c80095f6092271a7,1,Tim Boetsch
c8136ab8aa32c974,1,Kalib Starnes
c878270af633eb11,1,Jordan Wright
c96e2ae6021144a1,1,Damacio Page
c03a5022f8439f2a,1,Chad Laprise
c10eb2f12c489f6d,1,Tim Gorman
c1a5d3843596df92,1,Thiago Perpetuo
329e403448756217,1,Nathaniel Wood
32ba186f4b0e3267,1,Brian Ebersole
2e19380f34871c6a,1,Dominick Reyes
2ebfbe72ed703925,1,Tristan Connelly
2f13e4020cea5b38,1,Raphael Assuncao
2f6a993c7f547c13,1,Sergey Morozov
30a09e43f15f1d75,1,Paulo Thiago
31bb0772f21cabd8,1,Daniel Lacerda
31dbfbe4e7a6727c,1,Trey Waters
260bd4cef10b033f,1,Ihor Potieria
262a7d06203657e6,1,Alexander Hernandez
262d32ebda89efc4,1,Natalia Silva
cbd6f1abf955e628,1,Dave Herman
cc351e408bbb7d43,1,Brandon Davis
cc84b68f862b466f,1,Eddie Yagin
cd13728ae1151f46,1,Ion Cutelaba
cd2c4d30c6e13b47,1,Marina Rodriguez
cd7bafbeee1f29a0,1,War Machine
d4f364dd076bb0e2,1,Cung Le
d5f820c11a121050,1,Aaron Simpson
d7338bcb141abd2c,1,Antonina Shevchenko
d74cba8566291bfa,1,Junie Browning
d76ad9a08c4408ff,1,Bobby Moffett
d7c3816669784109,1,Karolina Kowalkiewicz
d023ae89a2a4a41e,1,Matthew Riddle
d024ed963e8bf7ea,1,Damien Brown
d05412b513b19621,1,Guido Cannetti
d0e50a3d1b250708,1,Andre Soukhamthath
d0fd0d9ee560dae7,1,Brando Pericic
d1528ac5675558b1,1,Rashad Coulter
d156513a19acf856,1,Sam Alvey
d1759b2b7be9be56,1,Hector Ramirez
d1e1fdcea7c8a90a,1,Leandro Issa
d1e7fc58d4225cdf,1,Danny Castillo
d31cbcdd7d69536d,1,TJ Brown
2747c60e42d9d75f,1,David Teymur
279566840aa55bf2,1,Alexander Volkov
285ae0b4a68221f4,1,JunYong Park
2924886ee9c4c527,1,Thiago Silva
2975297f505e9447,1,Jonny Parsons
2a542ee8a8b83559,1,Tim Sylvia
2aa49b3766a59bcd,1,Jordan Mein
2af2f2e26c4c0402,1,Hunter Azure
2b074403b7c6cdb4,1,Thomas Almeida
2b68d9f125d07b42,1,Jared Vanderaa
1f4b04a926ef1287,1,Johnny Case
1fb80f46d3c105d9,1,Fabio Maldonado
d468288756ae3982,1,Renato Sobral
d4691518d012b9e7,1,Aspen Ladd
d4c9dcd330403612,1,Anthony Smith
d910665038efc639,1,Carla Esparza
20999e27ddd94bda,1,Ryan Benoit
20bccc9bb4ceb23e,1,Melquizael Costa
21b8a0f5c231096f,1,Mark Coleman
22aa91e402d0fe1f,1,Ramsey Nijem
23024fdfc966410a,1,Gilbert Burns
232c582f29f8f65e,1,Gegard Mousasi
242d36d241b43c12,1,Kron Gracie
25433871e4eee0f4,1,Alberto Crane
1897b7b913736a7c,1,Alatengheili
d945aae53e3e54e6,1,Thiago Moises
d9a56ecb6e94f02e,1,Evan Elder
d9c6f19f958643e9,1,Bryce Mitchell
dc0f07928009a127,1,Rob Emerson
df1eb4354d18a906,1,Scott Holtzman
d2bc285ead803db0,1,Louis Smolka
1de9ad94de18eeaf,1,Nicco Montano
1ebe20ebbfa15e29,1,Zhang Weili
1ed32eaaba9ffe10,1,Jumabieke Tuerxun
0dba4df5f34d5ff0,1,Rafael Natal
0f3a990526c5e706,1,Sean Sharaf
0fd5f4b838e890cc,1,Said Nurmagomedov
e13abac8089a801a,1,Justin Tafa
e14b5aa06eea9653,1,Abel Trujillo
e18a19001a3f7c7d,1,Alptekin Ozkilic
e3b30b573e7f0d19,1,Adrian Luna Martinetti
e45cfa47f504033a,1,Jason Gonzalez
e4a47b07044ddd72,1,Ignacio Bahamondes
e4faa79383c9f214,1,Ernesta Kareckaite
e5549c82bfb5582d,1,Alex Pereira
e56cee1ad697db04,1,Steven Asplund
d81ac739417d7f53,1,Jake Ellenberger
172c2135e70f87b7,1,Luke Barnatt
179f1948dc234f1f,1,Mark Munoz
0749d968e932df53,1,Tarec Saffiedine
077e3ace32b72be9,1,CJ Vergara
eae431e70064e046,1,Abdul Razak Alhassan
eb04b9d31e938edb,1,Michelle Waterson-Gomez
ec52462a1b41f714,1,Brett Johns
edad57b3dddf2168,1,Jared Papazian
edd02825c29028fe,1,Marco Polo Reyes
e023fa2e648ea0f1,1,Steve Bosse
e0c6edcb5b5d0b90,1,Chepe Mariscal
19b7738321cfae42,1,Mallory Martin
19c591115a58982c,1,Viacheslav Borshchev
1a08b01fdabb6ae2,1,Tony Kelley
1d2d98ddd05b38fb,1,Axel Sola
1d4bbaabd8b60173,1,Stanislav Nedkov
f797f0c57a83353e,1,Trevor Smith
01fcef7e3d051722,1,Henry Briones
0232cabbc30a2372,1,Adrian Yanez
ffe9703408fb5964,1,David Onama
fc31f896cde2bc2e,1,John Howard
fc9a9559a05f2704,1,Eddie Wineland
fd406a32a6fb3a29,1,Chris Duncan
fd7ab338e4953644,1,Manolo Zecchini
fdbefee0827e1567,1,Wu Yanan
fe5a9547479396ab,1,Jim Alers
01afe0916a40c7c5,1,Shavkat Rakhmonov
eee0ef3e2b14816b,1,Kai Kamaka III
efb96bf3e9ada36f,1,Song Yadong
082eba4cd80f736f,1,Jarno Errens
08af939f41b5a57b,1,Beneil Dariush
0a1942069c9ad6b6,1,Jack Hermansson
6c7020b859c7a3ce,1,Edimilson Souza
6e7c758f5cdec01a,1,Paddy Holohan
6e8f1bcdda94ff45,1,Ibo Aslan
6eedb757f13b9978,1,Marwan Rahiki
634bb0de2eb043b4,1,Cristiane Justino
638cfec7ec559d6e,1,Brandon Thatch
002ca196477ce572,1,Gabriel Silva
02bb48869eb7ac8f,1,Rayanne dos Santos
02f2a9702ba3d167,1,Artem Lobov
056c493bbd76a918,1,Henry Cejudo
0577808d22dfe79c,1,Jon Olav Einemo
05b43e0ead3df345,1,Kailin Curran
05fa626cb33d15b8,1,Andrea Lee
fb3e61720be4690c,1,Mike Davis
fbf0537e420e698e,1,Daniel Teymur
f65dcb22dada2223,1,Josh Sampo
