country,events,first_year,last_year
USA,551,1994,2026
Brazil,41,1998,2025
Canada,37,2008,2026
United Kingdom,31,2002,2026
United Arab Emirates,23,2010,2026
Australia,22,2010,2026
China,9,2012,2026
Mexico,9,2014,2026
Japan,9,1997,2017
Singapore,6,2014,2023
Sweden,6,2012,2019
Germany,6,2009,2018
France,4,2022,2025
New Zealand,3,2014,2020
Ireland,3,2009,2015
Russia,3,2018,2019
South Korea,2,2015,2019
Netherlands,2,2016,2017
Poland,2,2015,2017
Saudi Arabia,2,2024,2025
Azerbaijan,2,2025,2026
Argentina,1,2018,2018
Chile,1,2018,2018
Czech Republic,1,2019,2019
Croatia,1,2016,2016
Denmark,1,2019,2019
Philippines,1,2015,2015
Puerto Rico,1,1996,1996
Qatar,1,2025,2025
Serbia,1,2026,2026
Uruguay,1,2019,2019
