fight_id,event_id,event_name,event_date,is_ufc,in_scope,finish_round,stats_round_count
fc89b69a4fe79603,775bad6d700d2302,Strikeforce - Melendez vs. Thomson,2008-06-27,False,False,1,
9325bcf98fa2a15e,184b955181bdef52,Strikeforce Challengers 18,2011-08-12,False,False,3,
6035a68279b69aeb,3bad7ef643840f67,Strikeforce Challengers 13,2011-01-07,False,False,1,
7ffcc3a72e082ace,31bbd46d57dfbcb7,UFC - Ultimate Ultimate '95,1995-12-16,True,True,1,
93908423a3e7c251,d3de4a24f7eefac8,WFA 1,2001-11-03,False,False,1,
89229d26e5a75a32,8d26912cd2aeb366,Strikeforce - Destruction,2008-11-21,False,False,1,
a3355e0d592bdbbc,26eddcda9d6b2ffe,Strikeforce - Young Guns,2007-02-10,False,False,1,
ee84a0b122cd217a,775bad6d700d2302,Strikeforce - Melendez vs. Thomson,2008-06-27,False,False,2,
4d7231ec867553d3,9f842be1a5337be6,Strikeforce - Young Guns 2,2008-02-01,False,False,1,
670915f96aa81e03,184b955181bdef52,Strikeforce Challengers 18,2011-08-12,False,False,3,
aa96b8ec8e7266b4,8ddf9c51c5fdea75,Strikeforce Challengers 1,2009-05-15,False,False,3,
e08cd659a05f179c,8a8a84b743ae7699,Strikeforce - Shamrock vs. Le,2008-03-29,False,False,1,
6e56bce310375396,775bad6d700d2302,Strikeforce - Melendez vs. Thomson,2008-06-27,False,False,3,
ce32437750074a04,c47df9303d318c67,Strikeforce - Fedor vs. Werdum,2010-06-26,False,False,2,
8e03db41687d9132,1c3f5e85b59ec710,UFC 6: Clash of the Titans,1995-07-14,True,True,1,
272f300e7c598e05,9f842be1a5337be6,Strikeforce - Young Guns 2,2008-02-01,False,False,2,
79aebe1a1f24a116,79899ecf62020f6d,Strikeforce - Houston,2010-08-21,False,False,3,
9d3b1af3fbbfa381,e86bc32f5997a8f7,Strikeforce - At the Mansion 2,2008-09-20,False,False,3,
0c760ef7447f3252,26eddcda9d6b2ffe,Strikeforce - Young Guns,2007-02-10,False,False,3,
1ef98bfca49d53d5,d468288756ae3982,Strikeforce - Payback,2008-10-03,False,False,3,
635fbf57001897c7,32a3025d5db456ae,UFC - Ultimate Brazil,1998-10-16,True,True,1,
23af9fdc2bed3a68,0597a4528ebd1307,Strikeforce - Diaz vs. Noons 2,2010-10-09,False,False,3,
77bf1e37929b0d59,96eff1a628adcc7f,UFC 12: Judgement Day,1997-02-07,True,True,1,
381cee4b3af63ade,9f842be1a5337be6,Strikeforce - Young Guns 2,2008-02-01,False,False,3,
c2ed5a38a690b302,e86bc32f5997a8f7,Strikeforce - At the Mansion 2,2008-09-20,False,False,3,
608fb46a1ec8c5ae,daf1b84aebd6602b,Strikeforce - Henderson vs. Babalu,2010-12-04,False,False,3,
07005006dce71011,7ca4c3f8aa8bacae,Strikeforce - Marquardt vs Saffiedine,2013-01-12,False,False,3,
9f923cf0420518e6,6776260cb0aef647,Strikeforce - Diaz vs. Daley,2011-04-09,False,False,1,
e4fe950846b51bdf,5af480a3b2e1726b,UFC 7: The Brawl in Buffalo,1995-09-08,True,True,1,
b89c885da2c9bce4,4e9fb05d7e5e61b8,WFA - King of the Streets,2006-07-22,False,False,3,
994f97a075a1b600,0597a4528ebd1307,Strikeforce - Diaz vs. Noons 2,2010-10-09,False,False,3,
b297c3e938e1005e,1c3f5e85b59ec710,UFC 6: Clash of the Titans,1995-07-14,True,True,1,
34cd2d9b5eddf14f,d3de4a24f7eefac8,WFA 1,2001-11-03,False,False,3,
7286a725cb39945b,07f72a2a7591b409,Strikeforce Challengers 17,2011-07-22,False,False,3,
024817f9b28943ab,20bcc9966affb19c,Strikeforce - Fedor vs. Silva,2011-02-12,False,False,3,
a4eb555e48847359,3bad7ef643840f67,Strikeforce Challengers 13,2011-01-07,False,False,2,
ef2d2eeca1652295,7b6ce3a9460565b5,WFA 2,2002-07-05,False,False,1,
582d3304aed63b1a,8355922d564b152c,Strikeforce - Overeem vs. Werdum,2011-06-18,False,False,3,
f385d0fc49095e55,31c01fbc2586a5eb,Strikeforce Challengers 19,2011-09-23,False,False,3,
c73a91dcff319e6d,5f6038bcdb95e3e4,WEC 5: Halloween Fury,2002-10-18,False,False,1,
f74f1e8602cf18d6,2f1700b3a4a09bc7,Strikeforce - Melendez vs. Masvidal,2011-12-17,False,False,3,
d029b7ec2d68d218,0597a4528ebd1307,Strikeforce - Diaz vs. Noons 2,2010-10-09,False,False,2,
e8ac219311ea7d0b,7215953cd5c6254d,Strikeforce - Shamrock vs. Diaz,2009-04-11,False,False,1,
01d1432bdc132de1,7215953cd5c6254d,Strikeforce - Shamrock vs. Diaz,2009-04-11,False,False,1,
b777e38b681f52de,1208ffc5be6e31ad,"Strikeforce - Four Men Enter, One Man Survives",2007-11-16,False,False,1,
ce1ff42f030f424a,7f955f71fa2ce7ac,Strikeforce - Nashville,2010-04-17,False,False,1,
5701dbbbfa4f8313,b63e800c18e011b5,UFC 8: David vs Goliath,1996-02-16,True,True,1,
0e97df01e0df1a7f,ce6065baef021cf3,Strikeforce - Revenge,2006-06-09,False,False,2,
a5c90086fb65f58e,9b5b5a75523728f3,UFC - Ultimate Ultimate '96,1996-12-07,True,True,1,
f59b1215176636f6,aee8eecfc4bfb1e7,UFC 10: The Tournament,1996-07-12,True,True,2,
5c22963d44ab28e2,93892752c5fc23ca,WEC 22: The Hitmen,2006-07-28,False,False,3,
8769e5db66707269,679a9054e2815943,Sengoku - Second Battle,2008-05-18,False,False,3,
6f808a147a2ad9f1,f0264252e191da22,Strikeforce - Triple Threat,2006-12-08,False,False,1,
7bcfe834f0a5bce7,26eddcda9d6b2ffe,Strikeforce - Young Guns,2007-02-10,False,False,3,
95f0f46de0602a57,8355922d564b152c,Strikeforce - Overeem vs. Werdum,2011-06-18,False,False,3,
75f519c5c6210bac,31c01fbc2586a5eb,Strikeforce Challengers 19,2011-09-23,False,False,3,
9c84a8b814ed5a67,42078a86d3dd037b,Strikeforce - Fedor vs. Rogers,2009-11-07,False,False,2,
8b258bbb37f74a66,4a01dc8376736ef5,UFC 17: Redemption,1998-05-15,True,True,2,
66788700e92a6a2f,31c01fbc2586a5eb,Strikeforce Challengers 19,2011-09-23,False,False,3,
ddd86adc0b32fadc,453ee00c3e1ae9dd,Strikeforce Challengers 20,2011-11-18,False,False,3,
782dc9eeaf21fd48,eff47295daf721a6,Strikeforce Challengers 16,2011-06-24,False,False,3,
dd5457699e3aca9c,93892752c5fc23ca,WEC 22: The Hitmen,2006-07-28,False,False,3,
237523159112894e,93ce4ac89e3d7652,Strikeforce Challengers 4,2009-11-06,False,False,1,
142123c2446b2582,6ece1d2ab1bed31d,WFA 3,2002-11-23,False,False,1,
81354e750dd248fd,7b6ce3a9460565b5,WFA 2,2002-07-05,False,False,2,
bf4fd0c8bb7b634c,4e9fb05d7e5e61b8,WFA - King of the Streets,2006-07-22,False,False,3,
5af6dcedd96f0cc6,daf1b84aebd6602b,Strikeforce - Henderson vs. Babalu,2010-12-04,False,False,1,
0167a9d6e4b599eb,dd8aec6de7035943,WEC 18: Unfinished Business,2006-01-13,False,False,2,1.0
417c185bcf76408f,9f842be1a5337be6,Strikeforce - Young Guns 2,2008-02-01,False,False,2,
73914b2b72c9f875,1208ffc5be6e31ad,"Strikeforce - Four Men Enter, One Man Survives",2007-11-16,False,False,2,
c9f33133605acf22,cf9d24e4bd0cf2ce,Strikeforce Challengers 8,2010-05-21,False,False,3,
7ae8467e67ea5b29,33011768c3c4dc9a,Strikeforce Challengers 15,2011-04-01,False,False,1,
5751cf88f3e4a126,d35c3ed553b71fa2,Strikeforce Challengers 11,2010-10-22,False,False,3,
9ace397817d67f9e,93ce4ac89e3d7652,Strikeforce Challengers 4,2009-11-06,False,False,3,
cb640b7dcc9db7e8,8ddf9c51c5fdea75,Strikeforce Challengers 1,2009-05-15,False,False,2,
815604a4d1b68cb6,26eddcda9d6b2ffe,Strikeforce - Young Guns,2007-02-10,False,False,1,
d580cffa15744c99,8a8a84b743ae7699,Strikeforce - Shamrock vs. Le,2008-03-29,False,False,3,
eb460412c805f220,63def5a5662a6917,Strikeforce - Feijao vs. Henderson,2011-03-05,False,False,2,
59cd7bf7fe3f1c71,3bad7ef643840f67,Strikeforce Challengers 13,2011-01-07,False,False,2,
0da3374a61e7d102,8a8a84b743ae7699,Strikeforce - Shamrock vs. Le,2008-03-29,False,False,1,
fff219fac94884d8,1208ffc5be6e31ad,"Strikeforce - Four Men Enter, One Man Survives",2007-11-16,False,False,3,
8375ef15cf838b76,f0264252e191da22,Strikeforce - Triple Threat,2006-12-08,False,False,3,
c413b0abc04358c3,6ceff86fae4f6b3b,UFC 11: The Proving Ground,1996-09-20,True,True,1,
5dafd35781c3a857,dc0f07928009a127,Strikeforce - Heavy Artillery,2010-05-15,False,False,1,
6011e1849dcd5a29,9fa3bd637edd9aa2,Strikeforce - Lawler vs. Shields,2009-06-06,False,False,1,
0313e2800683dd9d,7f955f71fa2ce7ac,Strikeforce - Nashville,2010-04-17,False,False,3,
fa004e713a7d0898,2f1700b3a4a09bc7,Strikeforce - Melendez vs. Masvidal,2011-12-17,False,False,1,
713f44a1e2deaae4,33011768c3c4dc9a,Strikeforce Challengers 15,2011-04-01,False,False,3,
411e1f1e89c609fb,eff47295daf721a6,Strikeforce Challengers 16,2011-06-24,False,False,3,
a9418e446839adc0,231926533134ec1f,Strikeforce Challengers 12,2010-11-19,False,False,1,
bea0ed817fee7c74,ff2c606c8bc365e3,Strikeforce - Evolution,2009-12-19,False,False,3,
27e7bfc9294eb37d,f8fe2053d73d7bcf,Strikeforce Challengers 9,2010-07-23,False,False,3,
9a1206b4e9413a74,184b955181bdef52,Strikeforce Challengers 18,2011-08-12,False,False,1,
c28d8ffbb8fd3e9e,dc0f07928009a127,Strikeforce - Heavy Artillery,2010-05-15,False,False,1,
afe71c76155e7522,93ce4ac89e3d7652,Strikeforce Challengers 4,2009-11-06,False,False,3,
900890ef697e451a,63def5a5662a6917,Strikeforce - Feijao vs. Henderson,2011-03-05,False,False,1,
793b0aeab7015346,a149d6bc670cdb60,DREAM - Fight for Japan,2011-05-29,False,False,2,
4a4813e8407a2e0a,41e77dc504a192c6,WEC 1: Princes of Pain,2001-06-30,False,False,3,
b2f7d2ff9b35d3b4,44260175069b6276,WEC 4: Rumble Under the Sun,2002-08-31,False,False,3,
7f60017ac91f762b,8c3f3c43c8ceb778,Strikeforce Challengers 3,2009-09-25,False,False,2,
f8c32b83d746ef4a,d468288756ae3982,Strikeforce - Payback,2008-10-03,False,False,1,
8ae1d7d789476d4c,22d1e00e1aabb7c9,Strikeforce Challengers 7,2010-03-26,False,False,3,
3766208fdbc20d32,8a8a84b743ae7699,Strikeforce - Shamrock vs. Le,2008-03-29,False,False,3,
adc668bb94ef2e30,7b6ce3a9460565b5,WFA 2,2002-07-05,False,False,2,
16ba84ab35415c54,d3de4a24f7eefac8,WFA 1,2001-11-03,False,False,3,
682bb08c23dd86d1,725a834930c2b5bf,Strikeforce Challengers 5,2009-11-20,False,False,1,
4415c82e232471a9,8c3f3c43c8ceb778,Strikeforce Challengers 3,2009-09-25,False,False,2,
042ea219e5e46f84,8c3f3c43c8ceb778,Strikeforce Challengers 3,2009-09-25,False,False,1,
9e912e4905a19a75,775bad6d700d2302,Strikeforce - Melendez vs. Thomson,2008-06-27,False,False,1,
8c10733c97e01dc3,daf1b84aebd6602b,Strikeforce - Henderson vs. Babalu,2010-12-04,False,False,1,
30709acd9d024680,93ce4ac89e3d7652,Strikeforce Challengers 4,2009-11-06,False,False,3,
5688f447e79de2a4,f2c8ebbeafd45f2b,Strikeforce - Miami,2010-01-30,False,False,3,
39ce700e6cd0c49f,d468288756ae3982,Strikeforce - Payback,2008-10-03,False,False,3,
56674d151cf9b158,947eccadb72f4f6f,Strikeforce Challengers 14,2011-02-18,False,False,1,
1c0fba5b885e8a15,79899ecf62020f6d,Strikeforce - Houston,2010-08-21,False,False,1,
fd400f3417035734,69b69c0178c4004d,Affliction - Banned,2008-07-19,False,False,3,
167ef9b08acba0a7,9f842be1a5337be6,Strikeforce - Young Guns 2,2008-02-01,False,False,1,
c4b79df91cdd4447,918db42c3637916f,Strikeforce - Shamrock vs. Gracie,2006-03-10,False,False,2,
f1b2f55ee43e3b8b,f0264252e191da22,Strikeforce - Triple Threat,2006-12-08,False,False,3,
7332fecfd9ce88a6,6e02c318762f52f1,Strikeforce - Barnett vs Cormier,2012-05-19,False,False,3,
dca56219c8655de8,a0b91014e9d16a76,Strikeforce - Fedor vs. Henderson,2011-07-30,False,False,3,
9d5dce909eb0ab77,453ee00c3e1ae9dd,Strikeforce Challengers 20,2011-11-18,False,False,3,
7d3927d916d95917,31c01fbc2586a5eb,Strikeforce Challengers 19,2011-09-23,False,False,2,
f83616f226c0cffe,cbe79765d44bd172,Strikeforce Challengers 10,2010-08-13,False,False,1,
53411e3d56d58ec9,184b955181bdef52,Strikeforce Challengers 18,2011-08-12,False,False,3,
f161d511b7a973fb,56b8b24f65f9f057,Strikeforce Challengers 2,2009-06-19,False,False,3,
10e689c81935dd40,56b8b24f65f9f057,Strikeforce Challengers 2,2009-06-19,False,False,1,
a6f342e32f68ded6,3bad7ef643840f67,Strikeforce Challengers 13,2011-01-07,False,False,3,
2d9e2fde9c264f4f,56b8b24f65f9f057,Strikeforce Challengers 2,2009-06-19,False,False,1,
8e1dafaf40d0aea0,6ece1d2ab1bed31d,WFA 3,2002-11-23,False,False,1,
e754b5ac0b8c1c81,eff47295daf721a6,Strikeforce Challengers 16,2011-06-24,False,False,3,
9ebd955712f8e6e3,c4b81cdecd5d6abe,Yarrenoka! - New Year's Eve 2007,2007-12-31,False,False,2,
a2a34b7875a79ca1,6ece1d2ab1bed31d,WFA 3,2002-11-23,False,False,2,
39376c02e064944e,f2c8ebbeafd45f2b,Strikeforce - Miami,2010-01-30,False,False,2,
0c04a9b641f4a3c3,7f955f71fa2ce7ac,Strikeforce - Nashville,2010-04-17,False,False,1,
b45aae9776bd9a6d,8ddf9c51c5fdea75,Strikeforce Challengers 1,2009-05-15,False,False,3,
46c89cdd835e002c,6da99156486ed6c2,Strikeforce - Carano vs. Cyborg,2009-08-15,False,False,1,
319640b7e4a7ff44,6da99156486ed6c2,Strikeforce - Carano vs. Cyborg,2009-08-15,False,False,3,
2b277a2b1cb05660,9199e0735b83dd32,WEC 15: Judgment Day,2005-05-19,False,False,3,
9dfbd2badf98ad35,8ddf9c51c5fdea75,Strikeforce Challengers 1,2009-05-15,False,False,1,
787715a9030ddb2b,f2c8ebbeafd45f2b,Strikeforce - Miami,2010-01-30,False,False,2,
40c747f63d8cc6e9,3bad7ef643840f67,Strikeforce Challengers 13,2011-01-07,False,False,3,
5d576cd36b515c03,3bad7ef643840f67,Strikeforce Challengers 13,2011-01-07,False,False,1,
462650d0632a2258,a0b91014e9d16a76,Strikeforce - Fedor vs. Henderson,2011-07-30,False,False,3,
509a6dfd520dcb15,7b6ce3a9460565b5,WFA 2,2002-07-05,False,False,2,
8fc5219c6e0e6dc6,42078a86d3dd037b,Strikeforce - Fedor vs. Rogers,2009-11-07,False,False,3,
4dfc2840c97ffa71,b9d0fd83bb8a147a,Strikeforce - Young Guns 3,2008-09-13,False,False,1,
56807c93aa7cad79,26eddcda9d6b2ffe,Strikeforce - Young Guns,2007-02-10,False,False,3,
ffe9356d2fe656f3,de62052b2ede65ba,Sengoku - First Battle,2008-03-05,False,False,3,
432d023d03add311,3bad7ef643840f67,Strikeforce Challengers 13,2011-01-07,False,False,1,
df841d5b1365e039,ee4b670e159f4a33,Strikeforce - Shamrock vs. Baroni,2007-06-22,False,False,2,
c9602f3ebb62d941,b9d0fd83bb8a147a,Strikeforce - Young Guns 3,2008-09-13,False,False,3,
7a24961d33cd8fab,ce6065baef021cf3,Strikeforce - Revenge,2006-06-09,False,False,1,
f26a29dd55c5a5cd,f0264252e191da22,Strikeforce - Triple Threat,2006-12-08,False,False,3,
3a84cfc412e5e12a,56b8b24f65f9f057,Strikeforce Challengers 2,2009-06-19,False,False,1,
93d033a4d45e8ec7,9fa3bd637edd9aa2,Strikeforce - Lawler vs. Shields,2009-06-06,False,False,1,
3bfb931e73e53f68,56b8b24f65f9f057,Strikeforce Challengers 2,2009-06-19,False,False,3,
41726ad856e7becb,c47df9303d318c67,Strikeforce - Fedor vs. Werdum,2010-06-26,False,False,3,
3286db65cf6fa265,184b955181bdef52,Strikeforce Challengers 18,2011-08-12,False,False,3,
256e88c788c5f08f,eff47295daf721a6,Strikeforce Challengers 16,2011-06-24,False,False,2,
6449a1a9a69a830c,31bbd46d57dfbcb7,UFC - Ultimate Ultimate '95,1995-12-16,True,True,1,
3badedeb2c5533f4,6ceff86fae4f6b3b,UFC 11: The Proving Ground,1996-09-20,True,True,1,
76f349796a3862cc,daf1b84aebd6602b,Strikeforce - Henderson vs. Babalu,2010-12-04,False,False,3,
cc20ca955a263a58,6ece1d2ab1bed31d,WFA 3,2002-11-23,False,False,2,
a4c7c6c92123bf1e,3bad7ef643840f67,Strikeforce Challengers 13,2011-01-07,False,False,2,
bb4b3fc223c227b8,b9d0fd83bb8a147a,Strikeforce - Young Guns 3,2008-09-13,False,False,1,
d93c8c77e1091a16,9b5b5a75523728f3,UFC - Ultimate Ultimate '96,1996-12-07,True,True,1,
2f449bd58b3d9a99,9b5b5a75523728f3,UFC - Ultimate Ultimate '96,1996-12-07,True,True,1,
7f4fb0609c41af8b,725a834930c2b5bf,Strikeforce Challengers 5,2009-11-20,False,False,2,
b80e6a799c95d499,b60391da771deefe,UFC 4: Revenge of the Warriors,1994-12-16,True,True,1,
a3731e863522a698,d35c3ed553b71fa2,Strikeforce Challengers 11,2010-10-22,False,False,2,
d9f0851db39067ec,2f1700b3a4a09bc7,Strikeforce - Melendez vs. Masvidal,2011-12-17,False,False,1,
e5475f2cf5b74531,cf9d24e4bd0cf2ce,Strikeforce Challengers 8,2010-05-21,False,False,3,
b2313812d9a6ace9,8c3f3c43c8ceb778,Strikeforce Challengers 3,2009-09-25,False,False,3,
f2e14ec18f3b6672,7ca4c3f8aa8bacae,Strikeforce - Marquardt vs Saffiedine,2013-01-12,False,False,2,
4d8c89f5dde017da,7b6ce3a9460565b5,WFA 2,2002-07-05,False,False,1,
4bce0ce561a65288,749685d24e2cac50,UFC 16: Battle in the Bayou,1998-03-13,True,True,1,
97876bc571bd2b19,184b955181bdef52,Strikeforce Challengers 18,2011-08-12,False,False,3,
529b8ef33e81f219,ff2c606c8bc365e3,Strikeforce - Evolution,2009-12-19,False,False,1,
5b6ac309667e7c3b,725a834930c2b5bf,Strikeforce Challengers 5,2009-11-20,False,False,2,
898bb2a421ae58d6,daf1b84aebd6602b,Strikeforce - Henderson vs. Babalu,2010-12-04,False,False,1,
d3a95dc092a3b98e,2f1700b3a4a09bc7,Strikeforce - Melendez vs. Masvidal,2011-12-17,False,False,3,
88e09c269e38ad7e,7215953cd5c6254d,Strikeforce - Shamrock vs. Diaz,2009-04-11,False,False,3,
f2a79c82c850a474,6da99156486ed6c2,Strikeforce - Carano vs. Cyborg,2009-08-15,False,False,1,
ca22594226b2dcc6,8d26912cd2aeb366,Strikeforce - Destruction,2008-11-21,False,False,1,
8b7f63980b08d2ce,a0b91014e9d16a76,Strikeforce - Fedor vs. Henderson,2011-07-30,False,False,1,
109cdaeb21549bcc,d35c3ed553b71fa2,Strikeforce Challengers 11,2010-10-22,False,False,2,
d69249b26102b292,c47df9303d318c67,Strikeforce - Fedor vs. Werdum,2010-06-26,False,False,3,
bb738930036cfeba,184b955181bdef52,Strikeforce Challengers 18,2011-08-12,False,False,2,
0168a8cd8315e59e,c4b81cdecd5d6abe,Yarrenoka! - New Year's Eve 2007,2007-12-31,False,False,2,
b90c89220d2f7d3d,8355922d564b152c,Strikeforce - Overeem vs. Werdum,2011-06-18,False,False,3,
e22f3f1b19d4b51c,231926533134ec1f,Strikeforce Challengers 12,2010-11-19,False,False,1,
5b959d6c68d6daa0,f2c8ebbeafd45f2b,Strikeforce - Miami,2010-01-30,False,False,3,
d3fbdc3cb3efc7aa,93892752c5fc23ca,WEC 22: The Hitmen,2006-07-28,False,False,1,
31bd98c45d06a038,26eddcda9d6b2ffe,Strikeforce - Young Guns,2007-02-10,False,False,2,
7d19db5befd8ddde,8d26912cd2aeb366,Strikeforce - Destruction,2008-11-21,False,False,2,
f15c1bd6bbaf2be2,8c3f3c43c8ceb778,Strikeforce Challengers 3,2009-09-25,False,False,3,
0349606b5b992dec,8ddf9c51c5fdea75,Strikeforce Challengers 1,2009-05-15,False,False,1,
a434830b1f2c43fc,3bad7ef643840f67,Strikeforce Challengers 13,2011-01-07,False,False,1,
f77022dfc627e121,33011768c3c4dc9a,Strikeforce Challengers 15,2011-04-01,False,False,1,
0eadf39171bd7e3e,56b8b24f65f9f057,Strikeforce Challengers 2,2009-06-19,False,False,3,
2144d4e090b15e55,6776260cb0aef647,Strikeforce - Diaz vs. Daley,2011-04-09,False,False,3,
8bfcaa85e06dc84b,26eddcda9d6b2ffe,Strikeforce - Young Guns,2007-02-10,False,False,3,
f3e8d68765b2a75d,dd8aec6de7035943,WEC 18: Unfinished Business,2006-01-13,False,False,1,
8192d10021f932f9,725a834930c2b5bf,Strikeforce Challengers 5,2009-11-20,False,False,1,
ca66e28f1d4f8125,d35c3ed553b71fa2,Strikeforce Challengers 11,2010-10-22,False,False,1,
ac8ac7fcbdf2f9fe,b9d0fd83bb8a147a,Strikeforce - Young Guns 3,2008-09-13,False,False,2,
802c28015de08bd3,9fa3bd637edd9aa2,Strikeforce - Lawler vs. Shields,2009-06-06,False,False,2,
7a5534eae872c5ae,dc0f07928009a127,Strikeforce - Heavy Artillery,2010-05-15,False,False,1,
a1db4c917777aa79,b60391da771deefe,UFC 4: Revenge of the Warriors,1994-12-16,True,True,1,
30a4a652eb4dbaaa,d3de4a24f7eefac8,WFA 1,2001-11-03,False,False,3,
6cca675fbec5a9ca,37b1696e6d115957,Strikeforce - Los Angeles,2010-06-16,False,False,2,
3963c77bd1628165,d35c3ed553b71fa2,Strikeforce Challengers 11,2010-10-22,False,False,2,
b80872821bc4f6ba,749685d24e2cac50,UFC 16: Battle in the Bayou,1998-03-13,True,True,1,
b31af4ba792c9d19,f2c8ebbeafd45f2b,Strikeforce - Miami,2010-01-30,False,False,1,
5c8b91073cc25f33,dc0f07928009a127,Strikeforce - Heavy Artillery,2010-05-15,False,False,3,
1db0f571823145d8,2f1700b3a4a09bc7,Strikeforce - Melendez vs. Masvidal,2011-12-17,False,False,3,
8cefea96a5f67fc9,daf1b84aebd6602b,Strikeforce - Henderson vs. Babalu,2010-12-04,False,False,2,
98f15526cc0a461c,63def5a5662a6917,Strikeforce - Feijao vs. Henderson,2011-03-05,False,False,1,
25545fe0c7044932,daf1b84aebd6602b,Strikeforce - Henderson vs. Babalu,2010-12-04,False,False,1,
6c846719d1f2c568,725a834930c2b5bf,Strikeforce Challengers 5,2009-11-20,False,False,3,
473ecef5e925971d,79899ecf62020f6d,Strikeforce - Houston,2010-08-21,False,False,3,
1ac0a44f1627f05d,6da99156486ed6c2,Strikeforce - Carano vs. Cyborg,2009-08-15,False,False,1,
43a6c66af55008ad,75f871836d41f90f,Strikeforce - Playboy Mansion,2007-09-29,False,False,3,
bbf93892f1a9017c,4f95f74620a6b7a4,Affliction - Day of Reckoning,2009-01-24,False,False,2,
d0f2fb4dfac623a6,453ee00c3e1ae9dd,Strikeforce Challengers 20,2011-11-18,False,False,3,
74b5745fa01bb350,07f72a2a7591b409,Strikeforce Challengers 17,2011-07-22,False,False,1,
dcec9cc0f4ac8f95,07f72a2a7591b409,Strikeforce Challengers 17,2011-07-22,False,False,1,
2f5e1c2bb8dec84b,c47df9303d318c67,Strikeforce - Fedor vs. Werdum,2010-06-26,False,False,2,
c2764af250e03bf8,1208ffc5be6e31ad,"Strikeforce - Four Men Enter, One Man Survives",2007-11-16,False,False,3,
d781ee8ef1a4bb65,4c805f5f58a75df0,WEC 21: Tapout,2006-06-15,False,False,1,
69f0b5f253d42c3d,a683f9ddb70aa4bd,Strikeforce - At the Dome,2008-02-23,False,False,1,
1ba7b5adb35da81a,725a834930c2b5bf,Strikeforce Challengers 5,2009-11-20,False,False,1,
c86a90967b123d31,ee4b670e159f4a33,Strikeforce - Shamrock vs. Baroni,2007-06-22,False,False,1,
4b97406fa671a438,42078a86d3dd037b,Strikeforce - Fedor vs. Rogers,2009-11-07,False,False,1,
df8d4ceb9239f2f8,93ce4ac89e3d7652,Strikeforce Challengers 4,2009-11-06,False,False,1,
cb052007d1f07eea,6ece1d2ab1bed31d,WFA 3,2002-11-23,False,False,1,
3c98de092f314d9e,ff2c606c8bc365e3,Strikeforce - Evolution,2009-12-19,False,False,3,
c0002de181334f3e,9f842be1a5337be6,Strikeforce - Young Guns 2,2008-02-01,False,False,1,
dd42bc42222ffa64,1208ffc5be6e31ad,"Strikeforce - Four Men Enter, One Man Survives",2007-11-16,False,False,2,
d4ce05bd60e091d7,8d26912cd2aeb366,Strikeforce - Destruction,2008-11-21,False,False,1,
d68458d7ceeae267,725a834930c2b5bf,Strikeforce Challengers 5,2009-11-20,False,False,1,
1e440a1425f1d0a7,231926533134ec1f,Strikeforce Challengers 12,2010-11-19,False,False,3,
4fac31dde3f19b17,42078a86d3dd037b,Strikeforce - Fedor vs. Rogers,2009-11-07,False,False,3,
4b334c9727eee450,5af480a3b2e1726b,UFC 7: The Brawl in Buffalo,1995-09-08,True,True,1,
1206dc7d5228f5bd,4e9fb05d7e5e61b8,WFA - King of the Streets,2006-07-22,False,False,1,
3c28c251bac3034b,a0b91014e9d16a76,Strikeforce - Fedor vs. Henderson,2011-07-30,False,False,3,
3459dd26c5ceb7d5,7215953cd5c6254d,Strikeforce - Shamrock vs. Diaz,2009-04-11,False,False,1,
6789480d7daea557,663b76da637402c3,K-1 - World GP 2007 in Amsterdam,2007-06-23,False,False,1,
b51131ac1f50b067,d3de4a24f7eefac8,WFA 1,2001-11-03,False,False,1,
e8e483c38c643e66,7215953cd5c6254d,Strikeforce - Shamrock vs. Diaz,2009-04-11,False,False,2,
4e0b7cd687a2eaf7,37b1696e6d115957,Strikeforce - Los Angeles,2010-06-16,False,False,2,
3b41b638b6358274,07f72a2a7591b409,Strikeforce Challengers 17,2011-07-22,False,False,2,
da7d61dfe3989093,7b6ce3a9460565b5,WFA 2,2002-07-05,False,False,1,
34ce39dcc45787c6,8ddf9c51c5fdea75,Strikeforce Challengers 1,2009-05-15,False,False,3,
b1aa2a2e7a56667b,947eccadb72f4f6f,Strikeforce Challengers 14,2011-02-18,False,False,1,
f3e7ac4055e7a453,947eccadb72f4f6f,Strikeforce Challengers 14,2011-02-18,False,False,2,
5732b6966c2232c4,d3de4a24f7eefac8,WFA 1,2001-11-03,False,False,1,
565ecefd8a37ad7e,96eff1a628adcc7f,UFC 12: Judgement Day,1997-02-07,True,True,1,
bc0190e0e7f80d82,d0d7160824278840,Strikeforce Challengers 6,2010-02-26,False,False,1,
bc7147fd7b8db8e9,f0264252e191da22,Strikeforce - Triple Threat,2006-12-08,False,False,1,
5116d22da5be2ffa,26eddcda9d6b2ffe,Strikeforce - Young Guns,2007-02-10,False,False,3,
ee1da0f9a06ea0ae,9fa3bd637edd9aa2,Strikeforce - Lawler vs. Shields,2009-06-06,False,False,1,
26024189488b22a5,f2c8ebbeafd45f2b,Strikeforce - Miami,2010-01-30,False,False,1,
2b39788a4f9530d1,cbe79765d44bd172,Strikeforce Challengers 10,2010-08-13,False,False,2,
04ab1542925032ea,725a834930c2b5bf,Strikeforce Challengers 5,2009-11-20,False,False,1,
eb8a108217b234cb,44260175069b6276,WEC 4: Rumble Under the Sun,2002-08-31,False,False,3,
209e1ac3966c6c41,8c3f3c43c8ceb778,Strikeforce Challengers 3,2009-09-25,False,False,1,
e491dcf5c243c088,8d26912cd2aeb366,Strikeforce - Destruction,2008-11-21,False,False,3,
fe7c434ced7759e5,b9d0fd83bb8a147a,Strikeforce - Young Guns 3,2008-09-13,False,False,3,
5511eaf7873c4a21,4f95f74620a6b7a4,Affliction - Day of Reckoning,2009-01-24,False,False,3,
12053410a45e4311,9f842be1a5337be6,Strikeforce - Young Guns 2,2008-02-01,False,False,2,
5216d14d649ed5db,79899ecf62020f6d,Strikeforce - Houston,2010-08-21,False,False,3,
a41f67bc1174ad85,9fa3bd637edd9aa2,Strikeforce - Lawler vs. Shields,2009-06-06,False,False,1,
0953c5573290719a,f8fe2053d73d7bcf,Strikeforce Challengers 9,2010-07-23,False,False,3,
8789acd6479f7b31,93ce4ac89e3d7652,Strikeforce Challengers 4,2009-11-06,False,False,1,
5618bcff9d742d85,947eccadb72f4f6f,Strikeforce Challengers 14,2011-02-18,False,False,2,
b361da093a16a614,d468288756ae3982,Strikeforce - Payback,2008-10-03,False,False,1,
ac1643d70b0b984c,33011768c3c4dc9a,Strikeforce Challengers 15,2011-04-01,False,False,3,
7d7e4e72d08fb331,6da99156486ed6c2,Strikeforce - Carano vs. Cyborg,2009-08-15,False,False,3,
c6cb0d84501c98d3,4f95f74620a6b7a4,Affliction - Day of Reckoning,2009-01-24,False,False,3,
704cf5fe7c155e66,6776260cb0aef647,Strikeforce - Diaz vs. Daley,2011-04-09,False,False,2,
bcb38a9d29822d3d,dc0f07928009a127,Strikeforce - Heavy Artillery,2010-05-15,False,False,1,
9be14b958737f074,daf1b84aebd6602b,Strikeforce - Henderson vs. Babalu,2010-12-04,False,False,3,
b30407b833e96f96,b9d0fd83bb8a147a,Strikeforce - Young Guns 3,2008-09-13,False,False,2,
b48fdc15154b542e,6776260cb0aef647,Strikeforce - Diaz vs. Daley,2011-04-09,False,False,1,
773c36a7891b8567,26eddcda9d6b2ffe,Strikeforce - Young Guns,2007-02-10,False,False,3,
4146a71795a084f0,31c01fbc2586a5eb,Strikeforce Challengers 19,2011-09-23,False,False,1,
66b5615704b18de0,93ce4ac89e3d7652,Strikeforce Challengers 4,2009-11-06,False,False,3,
e935a2b543d057e5,07f72a2a7591b409,Strikeforce Challengers 17,2011-07-22,False,False,3,
1b5f32e4fd52225b,d0d7160824278840,Strikeforce Challengers 6,2010-02-26,False,False,1,
30cbe5ff6b997f8e,7b6ce3a9460565b5,WFA 2,2002-07-05,False,False,1,
54c58e879d0a8d36,725a834930c2b5bf,Strikeforce Challengers 5,2009-11-20,False,False,2,
8993e293a63bb5f3,33011768c3c4dc9a,Strikeforce Challengers 15,2011-04-01,False,False,1,
9a27064991a9e9d4,9f842be1a5337be6,Strikeforce - Young Guns 2,2008-02-01,False,False,1,
dc51846a645f0428,33011768c3c4dc9a,Strikeforce Challengers 15,2011-04-01,False,False,3,
36cc34108a238ba3,7f955f71fa2ce7ac,Strikeforce - Nashville,2010-04-17,False,False,1,
80baa3ae3092693d,8d26912cd2aeb366,Strikeforce - Destruction,2008-11-21,False,False,3,
badfa1ceb1d9662c,a0b91014e9d16a76,Strikeforce - Fedor vs. Henderson,2011-07-30,False,False,1,
4fb8347a5c424198,eff47295daf721a6,Strikeforce Challengers 16,2011-06-24,False,False,1,
6a2e067492347f51,d3de4a24f7eefac8,WFA 1,2001-11-03,False,False,1,
f6b66c307423061c,453ee00c3e1ae9dd,Strikeforce Challengers 20,2011-11-18,False,False,1,
39c0c09f8976dafa,947eccadb72f4f6f,Strikeforce Challengers 14,2011-02-18,False,False,1,
ec2ceffc80b80fb8,63def5a5662a6917,Strikeforce - Feijao vs. Henderson,2011-03-05,False,False,1,
c70c214b3eac2b93,b9d0fd83bb8a147a,Strikeforce - Young Guns 3,2008-09-13,False,False,3,
9b3b15de4c8d9029,31c01fbc2586a5eb,Strikeforce Challengers 19,2011-09-23,False,False,3,
98d15e32630438d8,6ece1d2ab1bed31d,WFA 3,2002-11-23,False,False,2,
860ba4c51eca6a7d,231926533134ec1f,Strikeforce Challengers 12,2010-11-19,False,False,3,
577d8e25cf71566c,231926533134ec1f,Strikeforce Challengers 12,2010-11-19,False,False,3,
e821a0960a9dac35,dc0f07928009a127,Strikeforce - Heavy Artillery,2010-05-15,False,False,3,
5e6ab3c7d664daa7,4e9fb05d7e5e61b8,WFA - King of the Streets,2006-07-22,False,False,1,
010b638fd558699a,8d26912cd2aeb366,Strikeforce - Destruction,2008-11-21,False,False,3,
dd821478446b6c78,6776260cb0aef647,Strikeforce - Diaz vs. Daley,2011-04-09,False,False,1,
339b8d0fe27e1603,7f955f71fa2ce7ac,Strikeforce - Nashville,2010-04-17,False,False,1,
7458b1b3923fc2df,c4b81cdecd5d6abe,Yarrenoka! - New Year's Eve 2007,2007-12-31,False,False,1,
b0aee0248b292201,7f955f71fa2ce7ac,Strikeforce - Nashville,2010-04-17,False,False,3,
79438e61641cce04,9f842be1a5337be6,Strikeforce - Young Guns 2,2008-02-01,False,False,1,
9e1836b84e5465de,56b8b24f65f9f057,Strikeforce Challengers 2,2009-06-19,False,False,3,
f3000eff02664be4,288aaa8f82040e02,WEC 3: All or Nothing,2002-06-07,False,False,2,
de4300c6c9900cca,33011768c3c4dc9a,Strikeforce Challengers 15,2011-04-01,False,False,1,
5485d6f729e8b4b0,d468288756ae3982,Strikeforce - Payback,2008-10-03,False,False,1,
3618566df6c6a26e,b9d0fd83bb8a147a,Strikeforce - Young Guns 3,2008-09-13,False,False,3,
83c354730b54cc61,79899ecf62020f6d,Strikeforce - Houston,2010-08-21,False,False,1,
5735250a204e2d47,3bad7ef643840f67,Strikeforce Challengers 13,2011-01-07,False,False,1,
04eb7c9749f08f5b,f0264252e191da22,Strikeforce - Triple Threat,2006-12-08,False,False,5,
36cf2a8849a4a6ff,9fa3bd637edd9aa2,Strikeforce - Lawler vs. Shields,2009-06-06,False,False,1,
526b3c44a3955726,7f955f71fa2ce7ac,Strikeforce - Nashville,2010-04-17,False,False,2,
982eea5a54537892,1209b5134401ca53,WEC 27: Marshall vs. McElfresh,2007-05-12,False,False,3,
3bbbd72872122cd6,8c3f3c43c8ceb778,Strikeforce Challengers 3,2009-09-25,False,False,3,
05dab1fe544f0030,56b8b24f65f9f057,Strikeforce Challengers 2,2009-06-19,False,False,3,
ca52d846efa59f8d,91acd6910b802a9e,WEC 12: Halloween Fury 3,2004-10-21,False,False,3,
