group,value,n,accuracy,precision,recall,f1,roc_auc,brier_score,log_loss
weight_class,Bantamweight,208,0.6298076923076923,0.6206896551724138,0.5510204081632653,0.5837837837837838,0.6847402597402596,0.22646000408374908,0.6445929100473045
weight_class,Featherweight,224,0.5669642857142857,0.5794392523364486,0.543859649122807,0.5610859728506787,0.6389952153110049,0.23582710741254234,0.6639795840450703
weight_class,Flyweight,143,0.5944055944055944,0.6129032258064516,0.5277777777777778,0.5671641791044776,0.6492566510172143,0.23471261415108427,0.661829906080192
weight_class,Heavyweight,128,0.65625,0.6716417910447762,0.6716417910447762,0.6716417910447762,0.6921947638854905,0.22509564711401722,0.6418286168333576
weight_class,Light Heavyweight,128,0.5625,0.5423728813559322,0.5245901639344263,0.5333333333333333,0.6028872033276241,0.24192093669666415,0.6766715681788688
weight_class,Lightweight,254,0.6062992125984252,0.5555555555555556,0.5752212389380531,0.5652173913043478,0.6522939810456286,0.23207593566111223,0.6563460175840555
weight_class,Middleweight,227,0.6167400881057269,0.7083333333333334,0.5354330708661418,0.6098654708520179,0.684015748031496,0.2306931844757666,0.6533834095192216
weight_class,Welterweight,215,0.5906976744186047,0.5957446808510638,0.5283018867924528,0.56,0.6272719404535226,0.23560972388903695,0.6633819936394687
weight_class,Women's Bantamweight,72,0.6111111111111112,0.6363636363636364,0.5675675675675675,0.6,0.6490347490347491,0.23495557928361846,0.6626159882970951
weight_class,Women's Flyweight,97,0.6082474226804123,0.627906976744186,0.5510204081632653,0.5869565217391305,0.6309523809523809,0.23598214570140488,0.6646904109107835
weight_class,Women's Strawweight,123,0.6016260162601627,0.6862745098039216,0.5147058823529411,0.5882352941176471,0.6390374331550802,0.23711165679882093,0.6665585789006135
has_debutant,False,1492,0.6085790884718498,0.6291291291291291,0.5542328042328042,0.5893108298171589,0.6584183416724178,0.2319885004099642,0.6560681423721539
has_debutant,True,359,0.5821727019498607,0.5813953488372093,0.5617977528089888,0.5714285714285714,0.6222298094233037,0.2381274911153928,0.6688129520267869
