model,split,n,accuracy,precision,recall,f1,roc_auc,brier_score,log_loss,accuracy_ci_low,accuracy_ci_high
Majority baseline,validation,1447,0.5114029025570145,0.0,0.0,0.0,0.5,0.24988707136805266,0.6929213111076502,,
Logistic regression,validation,1447,0.5977885279889427,0.6043405676126878,0.512022630834512,0.554364471669219,0.6246626400091747,0.23807899407736752,0.6691888084536998,,
Decision tree,validation,1447,0.5922598479612993,0.5936,0.5247524752475248,0.5570570570570571,0.6171805114874421,0.23865494838737464,0.6701533931526872,,
Random forest,validation,1447,0.5977885279889427,0.6009693053311793,0.5261669024045261,0.5610859728506787,0.6372128139454871,0.23786937261781893,0.6685781594334315,,
Gradient boosting,validation,1447,0.5929509329647547,0.594551282051282,0.5247524752475248,0.5574755822689706,0.6302649183837302,0.23718946474836142,0.6670978863201453,,
Majority baseline,test,1851,0.495407887628309,0.0,0.0,0.0,0.5,0.2501411768794361,0.6934295651784754,0.47368134232037856,0.5186786293168432
Logistic regression,test,1851,0.6061588330632091,0.6152980877390326,0.5856531049250535,0.6001097092704334,0.6559000931722705,0.2317818831800253,0.6552966188058096,0.5831933832234615,0.6263291671674077
Decision tree,test,1851,0.5985953538627768,0.608154020385051,0.5749464668094219,0.5910842047330765,0.6219348307837447,0.23829120503785411,0.6690555639372892,0.5765879806106046,0.6209695816667532
Random forest,test,1851,0.6115613182063749,0.6312576312576312,0.5535331905781584,0.5898459783228751,0.6545918283948916,0.235154226822607,0.662943541390714,0.5890336590662324,0.6338949891070094
Gradient boosting,test,1851,0.6034575904916262,0.6193317422434368,0.5556745182012848,0.5857787810383747,0.6517055896356942,0.23317915284824017,0.6585399882208915,0.5805568358529587,0.6258778618693498
Source red-corner heuristic,validation,1447,0.5922598479612993,0.5806896551724138,0.5954738330975955,0.5879888268156425,,,,,
Source red-corner heuristic,test,1851,0.5569962182603998,0.5598739495798319,0.5706638115631691,0.5652173913043478,,,,,
