feature,coefficient
numeric__age_diff,-0.3181218365026763
categorical__weight_class_Catch Weight,-0.3159591920762303
numeric__missingindicator_prior_submission_rate_diff,-0.19737782821958075
numeric__missingindicator_prior_ko_rate_diff,-0.19737782821958075
categorical__weight_class_Middleweight,-0.19615433474368044
numeric__prior_losses_diff,-0.12740650297294395
categorical__weight_class_Super Heavyweight,-0.10672404341909869
categorical__weight_class_Women's Flyweight,-0.10230398642189152
categorical__weight_class_Welterweight,-0.08760120185556289
categorical__weight_class_Heavyweight,-0.0643272639377589
categorical__weight_class_Featherweight,-0.05031352587756858
categorical__weight_class_Women's Featherweight,-0.037212383208393846
numeric__prior_td_accuracy_diff,-0.02345897904300846
numeric__prior_submission_rate_diff,-0.012186947825646242
numeric__prior_ko_rate_diff,-0.0005322853199418499
categorical__weight_class_Light Heavyweight,0.0006658002871812148
categorical__weight_class_Lightweight,0.0007692503303091487
numeric__missingindicator_prior_win_rate_diff,0.007259354015195273
categorical__weight_class_Women's Bantamweight,0.007537190592862537
numeric__missingindicator_prior_td_accuracy_diff,0.011491367884624216
numeric__missingindicator_prior_sig_accuracy_diff,0.017143108121726397
categorical__weight_class_Flyweight,0.020659703008843986
numeric__missingindicator_age_diff,0.023701513907397095
numeric__prior_ufc_fights_diff,0.024856344026093893
categorical__weight_class_Bantamweight,0.028195376602462813
numeric__prior_win_rate_diff,0.036393774857142215
numeric__prior_sig_accuracy_diff,0.05158696413132045
categorical__weight_class_Open Weight,0.05264415879789735
categorical__weight_class_Women's Strawweight,0.0562100208080239
numeric__prior_sig_per_minute_diff,0.06648408300778681
numeric__prior_title_fights_diff,0.0713798765354616
numeric__prior_td_per_15_diff,0.12647887268716054
numeric__prior_win_streak_diff,0.1404604806088791
numeric__missingindicator_prior_sig_per_minute_diff,0.18701411858438005
numeric__missingindicator_prior_td_per_15_diff,0.18701411858438005
numeric__prior_wins_diff,0.2413976941968035
categorical__weight_class_Other / unspecified,0.8129664079586714
