metric,paired_fights,winner_mean,loser_mean,mean_paired_difference,median_paired_difference,paired_standardized_effect,event_bootstrap_low,event_bootstrap_high,wilcoxon_p,holm_p
age,8541,30.029392261971648,30.924374986234426,-0.8949827242627831,-0.903509312306209,-0.17199265674201533,-1.0129112101876727,-0.7811322221357105,3.359321260247913e-53,1.3437285040991652e-52
height_inches,8641,70.30957065154496,70.198819581067,0.11075107047795395,0.0,0.043655606612100134,0.05586712382651988,0.16683229369729696,4.716699877237664e-05,9.433399754475328e-05
reach_inches,7629,72.04600865119937,71.85817276182986,0.18783588936951107,0.0,0.057875777521800786,0.11401631149221675,0.2576452909557759,2.962688060503614e-06,8.888064181510841e-06
sig_landed,8643,44.53337961356011,29.475876431794514,15.05750318176559,11.0,0.6619936960627327,14.562094910372924,15.553401596698768,0.0,0.0
sig_accuracy,8554,0.5168493962535655,0.407710011944493,0.10913938430907252,0.09545454545454546,0.5311031455392108,0.10452060506704894,0.1135326569574547,0.0,0.0
td_success,8643,1.4593312507231286,0.6642369547610784,0.7950942959620502,0.0,0.32661748135583196,0.7457655995580456,0.847119679614673,1.4413146603041672e-190,8.647887961825003e-190
kd,8643,0.3738285317598056,0.05866018743491843,0.3151683443248872,0.0,0.47395143710233323,0.30133600918887377,0.32921365200198144,0.0,0.0
sub_att,8643,0.5160245285201898,0.23383084577114427,0.2821936827490455,0.0,0.2586519495229392,0.2590190410360682,0.3052096028321075,1.8294713452219895e-130,9.147356726109948e-130
prior_ufc_fights,8664,5.583102493074792,5.724261311172668,-0.14115881809787628,0.0,-0.021098061052390836,-0.294089440180156,0.009787756373473252,0.9325052660625299,0.9325052660625299
