weight_class,appearances,observed_appearances,coverage,sig_landed_per_minute,sig_accuracy,td_per_15,td_accuracy,knockdowns_per_15,sub_attempts_per_15,head_share,body_share,leg_share,distance_share,clinch_share,ground_share
Bantamweight,1588,1588,1.0,3.6826525878636596,0.4377313903111461,1.541617884203318,0.3532649962034928,0.3089862820031368,0.486259912964722,0.6224281686761443,0.2087157339091836,0.1688560974146722,0.7932637514246296,0.09954411852918241,0.107192130046188
Catch Weight,164,164,1.0,4.144932320897986,0.4646844735056443,1.6259491581379995,0.4457013574660634,0.2723671178606801,0.45394519643446685,0.6281693880260188,0.1996548519846011,0.17217575998938006,0.7755210407540156,0.09863268286207354,0.1258462763839108
Featherweight,1754,1754,1.0,3.7525240109522153,0.4432955002914086,1.5617079352700332,0.37197892058876975,0.30974764128951315,0.5332847321708614,0.6353976063649548,0.20301169709537945,0.16159069653966576,0.7790292630694371,0.10615486791634476,0.11481586901421814
Flyweight,848,848,1.0,3.3920553027154687,0.4360146966854284,1.798655949400448,0.37096268422703044,0.28887965374986063,0.6264127228681189,0.6285671597191095,0.216435081428358,0.1549977588525325,0.7712535484834903,0.10826236366352907,0.12048408785298073
Heavyweight,1568,1564,0.9974489795918368,3.3105880992309027,0.48747259297102835,1.2262909847915342,0.39134948096885813,0.40551090036430926,0.41201642283004686,0.6513318777292576,0.1932532751091703,0.15541484716157206,0.6770305676855896,0.16179039301310044,0.16117903930131006
Light Heavyweight,1538,1538,1.0,3.4092340342095246,0.4703052057776208,1.422128925848606,0.37699504678040724,0.42041037588955144,0.429752828687097,0.6326120493666775,0.19452338421565443,0.17286456641766806,0.682567392010393,0.15514371549204287,0.16228889249756415
Lightweight,2944,2936,0.9972826086956522,3.4219163350897945,0.43380530539127876,1.6201742122808904,0.37162837162837165,0.29180557049145067,0.6237767501881922,0.6308028811705698,0.20894143379718672,0.16025568503224347,0.7431741901421729,0.12363766640268507,0.133188143455142
Middleweight,2320,2320,1.0,3.2669295240557603,0.46053942412829546,1.4879451877706678,0.3719502342866376,0.3561502165341607,0.5810871953978411,0.63506740179914,0.2003983433138998,0.1645342548869602,0.7116231830532619,0.14385205898646689,0.1445247579602712
Open Weight,212,182,0.8584905660377359,1.2357894736842105,0.5417628057221966,1.168421052631579,0.5211267605633803,0.18947368421052632,1.1526315789473685,0.6788756388415673,0.20783645655877342,0.11328790459965929,0.2018739352640545,0.2563884156729131,0.5417376490630323
Other / unspecified,20,20,1.0,0.9461302420729628,0.42626728110599077,0.7671326287078077,0.45454545454545453,0.07671326287078077,1.2274122059324923,0.7135135135135136,0.08108108108108109,0.20540540540540542,0.43783783783783786,0.17297297297297298,0.3891891891891892
Super Heavyweight,2,2,1.0,1.411149825783972,0.6,2.35191637630662,0.5,0.0,0.7839721254355401,0.7037037037037037,0.18518518518518517,0.1111111111111111,0.07407407407407407,0.2962962962962963,0.6296296296296297
Welterweight,2820,2820,1.0,3.316833596305943,0.4461912082525678,1.5502318170726457,0.38230608993995835,0.34134912125926525,0.5495373043853673,0.6311968201973395,0.20494946670395078,0.1638537130987097,0.7162944912715216,0.1473654775696081,0.13634003115887028
Women's Bantamweight,500,500,1.0,3.730803925617589,0.45546820579162106,1.2397974155264044,0.3903002309468822,0.11004119072719566,0.4059297257936551,0.6231155778894473,0.21372077780205376,0.16316364430849903,0.7201660476294516,0.1603233559099847,0.11951059646056368
Women's Featherweight,60,60,1.0,3.6010315808524114,0.4750223813786929,0.9365668265315356,0.2822085889570552,0.18324133562573522,0.24432178083431363,0.558612891066717,0.25857519788918204,0.18281191104410102,0.7289860535243121,0.185073501696193,0.08594044477949492
Women's Flyweight,554,554,1.0,4.004957909904444,0.432642089093702,1.3053617473077506,0.392811296534018,0.09384953738813893,0.4159240861519794,0.6215515710988816,0.2189952068169714,0.159453222084147,0.8043316172554589,0.11311911947452512,0.08254926327001598
Women's Strawweight,748,748,1.0,4.023563981777375,0.4454873139219174,1.3651113546118532,0.36560509554140125,0.10147169186429571,0.4360111759793956,0.6127252666421479,0.22844533179215049,0.1588294015657017,0.7489885987495403,0.14905690117164924,0.10195450007881049
