fight_year,appearances,observed_appearances,coverage,sig_landed_per_minute,sig_accuracy,td_per_15,td_accuracy,knockdowns_per_15,sub_attempts_per_15,head_share,body_share,leg_share,distance_share,clinch_share,ground_share
1994,62,58,0.9354838709677419,1.190439711965681,0.5655021834061136,1.7236096215719319,0.5813953488372093,0.2757775394515091,2.2751647004749502,0.7258687258687259,0.12355212355212356,0.15057915057915058,0.18532818532818532,0.20463320463320464,0.61003861003861
1995,80,68,0.85,0.8751771991345221,0.466030989272944,0.8057897485637544,0.5106382978723404,0.2014474371409386,1.2422591957024547,0.6572890025575447,0.15089514066496162,0.1918158567774936,0.319693094629156,0.16879795396419436,0.5115089514066496
1996,86,72,0.8372093023255814,1.4903403863845446,0.549618320610687,1.1729530818767249,0.4788732394366197,0.06899724011039558,0.6554737810487581,0.691358024691358,0.22993827160493827,0.0787037037037037,0.19444444444444445,0.32407407407407407,0.48148148148148145
1997,82,78,0.9512195121951219,1.2805023448056594,0.5502049180327869,1.7526428741753437,0.5764705882352941,0.14307288768778317,1.2161195453461568,0.8007448789571695,0.09683426443202979,0.10242085661080075,0.2681564245810056,0.21415270018621974,0.5176908752327747
1998,50,42,0.84,1.5946205571565801,0.49441548771407295,1.6570605187319885,0.5287356321839081,0.36023054755043227,1.1527377521613833,0.5662650602409639,0.22740963855421686,0.2063253012048193,0.42018072289156627,0.26957831325301207,0.3102409638554217
1999,88,88,1.0,1.5780808038164393,0.43966125617501767,1.3868366614598726,0.453416149068323,0.2659686748005235,0.7979060244015704,0.6669341894060995,0.17736757624398075,0.15569823434991975,0.3579454253611557,0.23675762439807382,0.40529695024077045
2000,86,86,1.0,1.3920369499208827,0.4634771465185818,1.5395800367788564,0.39408866995073893,0.17320275413762135,0.9045032716075782,0.647926267281106,0.23778801843317973,0.11428571428571428,0.25806451612903225,0.30414746543778803,0.4377880184331797
2001,80,80,1.0,1.6276124129195693,0.5123604465709729,1.8239392020265992,0.39669421487603307,0.26599113362887905,0.8359721342621913,0.6186770428015564,0.1649805447470817,0.21634241245136188,0.3914396887159533,0.27704280155642025,0.33151750972762645
2002,106,106,1.0,2.095881991395206,0.49360675512665864,1.8438844499078058,0.4669260700389105,0.26121696373693915,1.029502151198525,0.6559139784946236,0.15884652981427175,0.1852394916911046,0.4066471163245357,0.2209188660801564,0.3724340175953079
2003,82,82,1.0,2.19677545521707,0.49558823529411766,1.818695406544696,0.33214285714285713,0.39111729173004217,0.8409021772195906,0.6142433234421365,0.19762611275964392,0.18813056379821957,0.3578635014836795,0.32047477744807124,0.32166172106824925
2004,78,78,1.0,2.071472859478045,0.4967558799675588,2.079927850741221,0.45555555555555555,0.4565695282114875,1.242883715686827,0.6563265306122449,0.21387755102040817,0.12979591836734694,0.3689795918367347,0.2710204081632653,0.36
2005,160,160,1.0,2.211911320300591,0.43901273885350317,2.142112160029952,0.5056818181818182,0.44527050517476535,1.3719145294573851,0.6833514689880305,0.17845484221980412,0.1381936887921654,0.44903881030105186,0.21653971708378672,0.3344214726151614
2006,316,316,1.0,2.5208020233862394,0.41283467403049584,2.1003628899233897,0.43958573072497126,0.39038158425277664,1.1106630988600124,0.6571179293296495,0.1840919005380253,0.15879017013232513,0.5240657263341574,0.23338665115602733,0.24254762250981532
2007,342,342,1.0,2.5017670115016384,0.4306730822410265,1.9421062777099531,0.4497767857142857,0.3277003148493221,1.2144188138533702,0.6618723513548221,0.18042891999486324,0.15769872865031462,0.4922306408116091,0.22434827276229613,0.28342108642609476
2008,402,402,1.0,2.7490154093220664,0.44431054461181924,1.9271211715673153,0.42144873000940736,0.4731770733759033,1.0969104882805032,0.6347798873356979,0.1921552263717922,0.1730648862925099,0.5331733778426873,0.2174003755476737,0.24942624660963905
2009,430,430,1.0,2.5321001854416565,0.38689430077830783,1.8731954648951903,0.4290322580645161,0.35210441069458465,0.9365977324475951,0.6112913692407528,0.20051914341336793,0.18818948734587929,0.573189950866784,0.2113655325855196,0.2154445165476963
2010,506,506,1.0,2.6756398058311266,0.39756334756064615,1.8380592808964251,0.42929936305732486,0.28089036488476526,0.8999400039997334,0.6493171162601074,0.1866548889039886,0.16402799483590405,0.6239043283277842,0.1702113202418971,0.2058843514303187
2011,600,600,1.0,2.949974622509834,0.4164203833064661,1.7106014465169395,0.3659033078880407,0.34021697754092123,0.7066044918157595,0.6163772245819668,0.21592558739717188,0.16769718802086134,0.6561643099091349,0.18178396687993978,0.1620517232109253
2012,682,682,1.0,3.327529190725391,0.42087639073920713,1.4176657857654589,0.3356926188068756,0.32879598043355523,0.5956758346815708,0.6249893061853025,0.2067328257335957,0.1682778680811019,0.7128496877406109,0.14992728206005645,0.1372230301993327
2013,772,772,1.0,3.15919933236177,0.4213262899099638,1.6666043869810545,0.38266838266838266,0.31949478719031427,0.5754642950562385,0.6308402002917636,0.20754642589599023,0.1616133738122462,0.6781532153136458,0.1779757915073138,0.14387099317904034
2014,1006,1006,1.0,3.0588723816554397,0.4214534543697714,1.6083787025929686,0.36426332288401253,0.2851342622497001,0.5439697333210298,0.6289179160758998,0.2036260520679357,0.1674560318561646,0.6790551751184047,0.17424356692509577,0.14670125795649944
2015,946,946,1.0,3.142497765714475,0.43460825379386114,1.5208036807785243,0.3476336397684712,0.2800304524841945,0.4483466287113965,0.6403020918915503,0.20296403968906024,0.1567338684193895,0.6896290210453138,0.16731972445174745,0.14305125450293876
2016,986,986,1.0,3.342282368376297,0.4313430378853797,1.45275030977429,0.3799142244460329,0.3033965839792026,0.4195619427099784,0.6451313924326681,0.19665249154944936,0.15821611601788246,0.7153800021807872,0.14237814851161268,0.14224184930760003
2017,914,914,1.0,3.7348017884349205,0.43090038028055744,1.353275644025771,0.3690427698574338,0.3301036615118051,0.4376487458052438,0.6452034341172079,0.19367567855809736,0.1611208873246947,0.733882578787394,0.13341865301551753,0.13269876819708848
2018,948,948,1.0,3.7314025562251993,0.4383018741183583,1.3395878142463646,0.36149691358024694,0.30594641648743015,0.44033409475760976,0.639080459770115,0.20227330779054917,0.1586462324393359,0.7389527458492976,0.12641123882503194,0.1346360153256705
2019,1032,1032,1.0,3.761546840647166,0.4385293029487936,1.2119358094295982,0.3556058890147225,0.2843288894733983,0.33707768797298804,0.6247491791317038,0.20578712148850783,0.1694636993797884,0.7671470266326158,0.12331265961327982,0.10954031375410433
2020,912,912,1.0,4.006715425531915,0.47458948611931484,1.3538896276595744,0.3698406211687781,0.27975398936170215,0.42037898936170215,0.6194553691442226,0.2128739981082292,0.16767063274754818,0.789366256782994,0.10576492258674765,0.10486882063025837
2021,1018,1018,1.0,4.137492208601704,0.47257571712497404,1.3855703303552878,0.3670450636394909,0.2649075420735508,0.39476418034489924,0.6273512857531438,0.21639152177097065,0.1562571924758856,0.8140522670683992,0.09442805431757789,0.09151967861402298
2022,1022,1022,1.0,4.130702428712134,0.4740700150948078,1.4931714992673024,0.3794642857142857,0.3445780382924544,0.4161962188002979,0.6257823915556234,0.21782653261509607,0.15639107582928052,0.8022157765031732,0.09861950145028679,0.09916472204654003
2023,1040,1040,1.0,4.150478335269136,0.48002953270644694,1.3552093769672036,0.35629370629370627,0.2819473875535301,0.40829173574968747,0.6027514312569426,0.222229342903529,0.17501922583952834,0.7941339827394686,0.11121080064940614,0.09465521661112536
2024,1034,1034,1.0,3.9804401646856062,0.4721348817740224,1.3959977567741317,0.3656884875846501,0.2289731770370269,0.3656184601075107,0.6238840436279665,0.2146347497989732,0.16148120657306034,0.8215913073957238,0.08643120760396693,0.09197748500030928
2025,1040,1040,1.0,3.791699267373213,0.47153392819628265,1.4737001209189844,0.35090504922197524,0.3094103421295967,0.36275695284159615,0.6346902405852834,0.2021526051681283,0.1631571542465882,0.8180603104628804,0.09105191577170192,0.09088777376541762
2026,652,652,1.0,3.930174224818425,0.4775987406477174,1.510821733709179,0.36173549398849975,0.37988870182860857,0.42792060665751314,0.6425449966669136,0.2098363084215984,0.14761869491148805,0.8153470113324939,0.09851122139100807,0.08614176727649804
