weight_class,stance,appearances
Bantamweight,Orthodox,1163
Bantamweight,Southpaw,240
Bantamweight,Switch,177
Bantamweight,,8
Catch Weight,Orthodox,117
Catch Weight,Southpaw,32
Catch Weight,Switch,15
Featherweight,Orthodox,1311
Featherweight,Southpaw,271
Featherweight,Switch,167
Featherweight,,5
Flyweight,Orthodox,603
Flyweight,Southpaw,181
Flyweight,Switch,64
Heavyweight,Orthodox,1333
Heavyweight,Southpaw,191
Heavyweight,Switch,37
Heavyweight,,7
Light Heavyweight,Open Stance,10
Light Heavyweight,Orthodox,1233
Light Heavyweight,Sideways,1
Light Heavyweight,Southpaw,260
Light Heavyweight,Switch,30
Light Heavyweight,,4
Lightweight,Orthodox,1995
Lightweight,Southpaw,776
Lightweight,Switch,152
Lightweight,,21
Middleweight,Open Stance,13
Middleweight,Orthodox,1581
Middleweight,Southpaw,606
Middleweight,Switch,113
Middleweight,,7
Open Weight,Open Stance,1
Open Weight,Orthodox,129
Open Weight,Sideways,5
Open Weight,Southpaw,36
Open Weight,Switch,11
Open Weight,,30
Other / unspecified,Orthodox,13
Other / unspecified,Southpaw,5
Other / unspecified,Switch,2
Super Heavyweight,Orthodox,2
Welterweight,Orthodox,2041
Welterweight,Southpaw,574
Welterweight,Switch,194
Welterweight,,11
Women's Bantamweight,Orthodox,441
Women's Bantamweight,Southpaw,52
Women's Bantamweight,Switch,6
Women's Bantamweight,,1
Women's Featherweight,Orthodox,48
Women's Featherweight,Southpaw,11
Women's Featherweight,Switch,1
Women's Flyweight,Orthodox,436
Women's Flyweight,Southpaw,98
Women's Flyweight,Switch,19
Women's Flyweight,,1
Women's Strawweight,Orthodox,642
Women's Strawweight,Southpaw,73
Women's Strawweight,Switch,29
Women's Strawweight,,4
