fight_year,stance,appearances
1994,Open Stance,1
1994,Orthodox,26
1994,Sideways,3
1994,Southpaw,21
1994,Switch,1
1994,,10
1995,Orthodox,45
1995,Sideways,1
1995,Southpaw,15
1995,Switch,7
1995,,12
1996,Orthodox,68
1996,Sideways,1
1996,Southpaw,4
1996,Switch,5
1996,,8
1997,Orthodox,45
1997,Southpaw,19
1997,Switch,10
1997,,8
1998,Orthodox,38
1998,Southpaw,2
1998,Switch,4
1998,,6
1999,Open Stance,1
1999,Orthodox,75
1999,Southpaw,7
1999,Switch,1
1999,,4
2000,Orthodox,67
2000,Southpaw,14
2000,Switch,2
2000,,3
2001,Orthodox,60
2001,Southpaw,19
2001,Switch,1
2002,Orthodox,81
2002,Southpaw,21
2002,Switch,4
2003,Orthodox,57
2003,Southpaw,20
2003,Switch,5
2004,Orthodox,56
2004,Southpaw,19
2004,Switch,3
2005,Open Stance,4
2005,Orthodox,119
2005,Sideways,1
2005,Southpaw,32
2005,Switch,4
2006,Open Stance,1
2006,Orthodox,253
2006,Southpaw,58
2006,Switch,4
2007,Open Stance,1
2007,Orthodox,276
2007,Southpaw,60
2007,Switch,5
2008,Open Stance,3
2008,Orthodox,332
2008,Southpaw,62
2008,Switch,5
2009,Open Stance,7
2009,Orthodox,332
2009,Southpaw,84
2009,Switch,7
2010,Open Stance,4
2010,Orthodox,386
2010,Southpaw,106
2010,Switch,10
2011,Open Stance,2
2011,Orthodox,457
2011,Southpaw,128
2011,Switch,6
2011,,7
2012,Orthodox,513
2012,Southpaw,157
2012,Switch,10
2012,,2
2013,Orthodox,601
2013,Southpaw,151
2013,Switch,13
2013,,7
2014,Orthodox,778
2014,Southpaw,191
2014,Switch,28
2014,,9
2015,Orthodox,706
2015,Southpaw,198
2015,Switch,28
2015,,14
2016,Orthodox,739
2016,Southpaw,202
2016,Switch,40
2016,,5
2017,Orthodox,686
2017,Southpaw,188
2017,Switch,39
2017,,1
2018,Orthodox,700
2018,Southpaw,198
2018,Switch,50
2019,Orthodox,775
2019,Southpaw,203
2019,Switch,54
2020,Orthodox,665
2020,Southpaw,175
2020,Switch,72
2021,Orthodox,736
2021,Southpaw,199
2021,Switch,83
2022,Orthodox,711
2022,Southpaw,190
2022,Switch,121
2023,Orthodox,740
2023,Southpaw,186
2023,Switch,114
2024,Orthodox,756
2024,Southpaw,170
2024,Switch,108
2025,Orthodox,731
2025,Southpaw,197
2025,Switch,111
2025,,1
2026,Orthodox,478
2026,Southpaw,110
2026,Switch,62
2026,,2
